CODE;ENGLISH;FRENCH;GERMAN;POLISH;SPANISH;ITALIAN;SWEDISH;CZECH;HUNGARIAN;DUTCH;PORTUGUESE;RUSSIAN;FINNISH;x
ION_1;Ionian islands;;;;;;;;;;;;;x
CANAL_1;Kiel Canal;Canal de Kiel;Nord-Ostsee-Kanal;;;;;;;;;;;x
USA_1;Alyaska;Alaska;Alaska;;;;;;;;;;;x
CANAL_2;Suez Canal;Canal de Suez;Suezkanal;;;;;;;;;;;x
CANAL_3;Panama Canal;Canal de Panama;Panamakanal;;;;;;;;;;;x
CANAL_4;Bosphorus Strait;;;;;;;;;;;;;x
CANAL_5;Dardanelles Strait;;;;;;;;;;;;;x
ENG_6;Yukon;;;;;;;;;;;;;x
CANAL_6;English Channel;;;;;;;;;;;;;x
ENG_9;Northwest Territories;Territoires du N-O;Northwest Territories;;;;;;;;;;;x
ENG_13;Columbia;;;;;;;;;;;;;x
CAN_13;Columbia;;;;;;;;;;;;;x
CAN_18;New Caledonia;;;;;;;;;;;;;x
CAN_19;New Caledonia;;;;;;;;;;;;;x
ENG_22;Alberta;Alberta;Alberta;;;;;;;;;;;x
ENG_30;Saskatchewan;Saskatchewan;Saskatchewan;;;;;;;;;;;x
ENG_36;Manitoba;Manitoba;Manitoba;;;;;;;;;;;x
ENG_43;Nunavut;Nunavut;Nunavut;;;;;;;;;;;x
ENG_44;Nunavut Territory;Nunavut;Nunavut Territory;;;;;;;;;;;x
ENG_46;Upper Canada;;;;;;;;;;;;;x
CAN_46;Upper Canada;;;;;;;;;;;;;x
CAN_50;Northern Ontario;;;;;;;;;;;;;x
ENG_58;Lower Canada;;;;;;;;;;;;;x
CAN_58;Lower Canada;;;;;;;;;;;;;x
CAN_60;Northern Quebec;;;;;;;;;;;;;x
ENG_68;Maritimes;Nouveau-Brunswick;New Brunswick;;;;;;;;;;;x
ENG_71;Maritimes;;;;;;;;;;;;;x
ENG_74;Newfoundland;Terre-Neuve;Neufundland;;;;;;;;;;;x
FRA_77;Saint Pierre and Miquelon;Saint-Pierre-et-Miquelon;Saint Pierre und Miquelon;;;;;;;;;;;x
USA_78;Washington;Washington;Washington;;;;;;;;;;;x
USA_81;Oregon;Oregon;Oregon;;;;;;;;;;;x
MEX_85;California;Californie;Kalifornien;;;;;;;;;;;x
USA_91;Idaho;Idaho;Idaho;;;;;;;;;;;x
MEX_94;Nevada;Nevada-Utah;Nevada-Utah;;;;;;;;;;;x
MEX_97;Utah;;;;;;;;;;;;;x
MEX_100;Arizona;Arizona;Arizona;;;;;;;;;;;x
MEX_103;New Mexico;Nouveau-Mexique;New Mexico;;;;;;;;;;;x
USA_106;Colorado;Colorado;Colorado;;;;;;;;;;;x
USA_111;Wyoming;Wyoming;Wyoming;;;;;;;;;;;x
USA_116;Montana;Montana;Montana;;;;;;;;;;;x
USA_118;North Dakota;Dakota du Nord;North Dakota;;;;;;;;;;;x
USA_121;South Dakota;Dakota du Sud;South Dakota;;;;;;;;;;;x
USA_124;Nebraska;Nebraska;Nebraska;;;;;;;;;;;x
USA_126;Kansas;Kansas;Kansas;;;;;;;;;;;x
USA_129;Oklahoma;Oklahoma;Oklahoma;;;;;;;;;;;x
TEX_132;Texas;Texas;Texas;;;;;;;;;;;x
USA_139;Louisiana;Louisiane;Louisiana;;;;;;;;;;;x
USA_144;Arkansas;Arkansas;Arkansas;;;;;;;;;;;x
USA_148;Missouri;Missouri;Missouri;;;;;;;;;;;x
USA_151;Iowa;Iowa;Iowa;;;;;;;;;;;x
USA_158;Minnesota;Minnesota;Minnesota;;;;;;;;;;;x
USA_162;Wisconsin;Wisconsin;Wisconsin;;;;;;;;;;;x
USA_168;Illinois;Illinois;Illinois;;;;;;;;;;;x
USA_170;Indiana;Indiana;Indiana;;;;;;;;;;;x
USA_176;Michigan;Michigan;Michigan;;;;;;;;;;;x
USA_178;Ohio;Ohio;Ohio;;;;;;;;;;;x
USA_185;Kentucky;Kentucky;Kentucky;;;;;;;;;;;x
USA_188;Tennessee;Tennessee;Tennessee;;;;;;;;;;;x
USA_194;Mississippi;Mississippi;Mississippi;;;;;;;;;;;x
USA_196;Alabama;Alabama;Alabama;;;;;;;;;;;x
USA_200;Florida;Floride;Florida;;;;;;;;;;;x
USA_201;Georgia;Géorgie;Georgien;;;;;;;;;;;x
ENG_203;Caribbean Islands;Îles caraïbes;Karibische Inseln;;;;;;;;;;;x
USA_205;South Carolina;;;;;;;;;;;;;x
USA_211;Virginia;Virginie;Virginia;;;;;;;;;;;x
USA_218;West Virginia;Virginie occidentale;West Virginia;;;;;;;;;;;x
USA_219;Maryland;Maryland;Maryland;;;;;;;;;;;x
USA_220;District of Columbia;District de Columbia;District of Columbia;;;;;;;;;;;x
USA_223;Pennsylvania;Pennsylvanie;Pennsylvania;;;;;;;;;;;x
USA_231;New Jersey;New Jersey;New Jersey;;;;;;;;;;;x
USA_232;New York;New York;New York;;;;;;;;;;;x
USA_243;Massachusetts;Massachusetts;Massachusetts;;;;;;;;;;;x
USA_247;New England;Nelle-Angleterre;New England;;;;;;;;;;;x
DEN_251;Island & Grønland;;;;;;;;;;;;;x
DEN_252;North Atlantic Islands;;;;;;;;;;;;;x
ENG_254;Ulster;Ulster;Ulster;;;;;;;;;;;x
ENG_258;Connacht;;;;;;;;;;;;;x
ENG_260;Munster;Münster;Munster;;;;;;;;;;;x
ENG_263;Leinster;Leinster-Connacht;Leinster-Connacht;;;;;;;;;;;x
ENG_264;Leinster;;;;;;;;;;;;;x
ENG_266;Highlands;Highlands;Highlands;;;;;;;;;;;x
ENG_271;Lowlands;Lowlands;Lowlands;;;;;;;;;;;x
ENG_273;Wales;Pays de Galles;Wales;;;;;;;;;;;x
ENG_277;North West England;Angleterre du Nord-Ouest;Nordwestengland;;;;;;;;;;;x
ENG_280;North East England;Angleterre du Nord-Est;Nordostengland;;;;;;;;;;;x
ENG_284;Midlands;Midlands;Midlands;;;;;;;;;;;x
ENG_291;Eastern Counties;Pays de l'Est;Eastern Counties;;;;;;;;;;;x
ENG_296;South West England;Angleterre du Sud-Ouest;Südwestengland;;;;;;;;;;;x
ENG_300;South East England;Angleterre du Sud-Est;Südostengland;;;;;;;;;;;x
ENG_301;Kent;;;;;;;;;;;;;x
SWE_308;Nordnorge;Nordnorge;Nordnorge;;;;;;;;;;;x
SWE_309;Vestlandet;Vestlandet;Vestlandet;;;;;;;;;;;x
SWE_313;Ostlandet;Ostlandet;Ostlandet;;;;;;;;;;;x
SWE_318;Norrland;Norrland;Norrland;;;;;;;;;;;x
SWE_322;Stockholm;;;;;;;;;;;;;x
SWE_329;Göteborg;;;;;;;;;;;;;x
SWE_334;Skåneland;;;;;;;;;;;;;x
RUS_336;Northern Finland;Finlande du Nord;Nordfinnland;;;;;;;;;;;x
RUS_339;Karelia;Karelia;Karelien;;;;;;;;;;;x
RUS_340;Southern Finland;Finlande du Sud;Südfinnland;;;;;;;;;;;x
RUS_343;Uusimaa;;;;;;;;;;;;;x
RUS_345;Varsinais-Suomi;;;;;;;;;;;;;x
RUS_349;Estonia;Estonie;Estnien;;;;;;;;;;;x
RUS_354;Latvia;Lettonie;Lettland;;;;;;;;;;;x
RUS_357;Courland;;;;;;;;;;;;;x
RUS_360;Kovno;;;;;;;;;;;;;x
RUS_361;Kovno;;;;;;;;;;;;;x
RUS_366;Lappi;Lappi;Lappi;;;;;;;;;;;x
DEN_367;Jylland;Jutland;Jylland;;;;;;;;;;;x
HOL_369;Holstein;;;;;;;;;;;;;x
SCH_370;Schleswig;;;;;;;;;;;;;x
DEN_372;Sjaelland;Sjaelland;Sjaelland;;;;;;;;;;;x
NET_375;Holland;Hollande;Holland;;;;;;;;;;;x
NET_379;Gelderland-North Brabant;;;;;;;;;;;;;x
NET_381;Gelderland;Gelderland;Gelderland;;;;;;;;;;;x
NET_385;Friesland;Frise;Friesland;;;;;;;;;;;x
NET_386;Utrecht;;;;;;;;;;;;;x
BEL_387;Vlaanderen;Vlaanderen;Flandern;;;;;;;;;;;x
BEL_390;Brabant;;;;;;;;;;;;;x
BEL_394;Wallonie;Wallonie;Wallonien;;;;;;;;;;;x
BEL_395;East Wallonie;;;;;;;;;;;;;x
LUX_397;Luxembourg;;;;;;;;;;;;;x
FRA_399;Picardie;Picardie;Picardie;;;;;;;;;;;x
FRA_400;Pas-de-Calais;;;;;;;;;;;;;x
FRA_401;Nord-Pas-de-Calais;;;;;;;;;;;;;x
FRA_404;Artois;;;;;;;;;;;;;x
FRA_406;Champagne;;;;;;;;;;;;;x
FRA_411;Lorraine;;;;;;;;;;;;;x
FRA_412;Alsace-Lorraine;Alsace-Lorraine;Alsace-Lorraine;;;;;;;;;;;x
FRA_414;Lorraine;;;;;;;;;;;;;x
FRA_418;Normandie;Normandie;Normandie;;;;;;;;;;;x
FRA_420;Bretagne;Bretagne;Bretagne;;;;;;;;;;;x
FRA_425;Ile-de-France;;;;;;;;;;;;;x
FRA_428;Bourgogne;Bourgogne;Bourgogne;;;;;;;;;;;x
FRA_432;Franche-Comté;;;;;;;;;;;;;x
FRA_435;Loire;Loire;Loire;;;;;;;;;;;x
FRA_438;Centre-Val de Loire;;;;;;;;;;;;;x
FRA_442;Poitou;Poitou;Poitou;;;;;;;;;;;x
FRA_445;Limousin;Limousin;Limousin;;;;;;;;;;;x
FRA_448;Auvergne-Limousin;;;;;;;;;;;;;x
FRA_451;Rhone;Rhône;Rhone;;;;;;;;;;;x
FRA_455;Midi-Pyrenees;;;;;;;;;;;;;x
FRA_458;Aquitaine;Aquitaine;Aquitaine;;;;;;;;;;;x
FRA_461;Languedoc;Languedoc;Languedoc;;;;;;;;;;;x
SAR_466;Savoy;;;;;;;;;;;;;x
FRA_467;Provence;Provence;Provence;;;;;;;;;;;x
FRA_473;Corsica;;;;;;;;;;;;;x
SPA_474;Galicia-Asturias;;;;;;;;;;;;;x
SPA_477;León-Castilla;León-Castilla;León-Castilla;;;;;;;;;;;x
SPA_479;Castilla la Vieja;;;;;;;;;;;;;x
SPA_481;Castilla;Castilla;Castilla;;;;;;;;;;;x
SPA_484;Extremadura;Estrémadure;Extremadura;;;;;;;;;;;x
SPA_487;Castilla la Nueva;Nouvelle-Castille;Castilla la Nueva;;;;;;;;;;;x
SPA_492;Vasconia;Vasconia;Vasconia;;;;;;;;;;;x
SPA_495;Aragón;;;;;;;;;;;;;x
SPA_496;Aragon;Aragon;Aragon;;;;;;;;;;;x
SPA_498;Catalonia;Catalogne;Katalonien;;;;;;;;;;;x
SPA_502;Balearic Islands;;;;;;;;;;;;;x
SPA_503;Valencia;Valence;Valencia;;;;;;;;;;;x
SPA_507;Murcia;;;;;;;;;;;;;x
SPA_512;Andalusia;;;;;;;;;;;;;x
SPA_513;Granada;Grenade;Granada;;;;;;;;;;;x
ENG_517;Gibraltar;;;;;;;;;;;;;x
POR_518;Douro;Douro;Douro;;;;;;;;;;;x
POR_521;Estremadura;Estrémadure;Estremadura;;;;;;;;;;;x
POR_525;Alentejo;Alentejo;Alentejo;;;;;;;;;;;x
HAN_528;Niederelbe;;;;;;;;;;;;;x
HAM_528;Lower Elbe;;;;;;;;;;;;;x
GER_533;Heligoland;;;;;;;;;;;;;x
HAN_534;Hannover;Hanovre;Hannover;;;;;;;;;;;x
HAN_536;Hannover-Brunswick;;;;;;;;;;;;;x
HAN_538;East Friesland;;;;;;;;;;;;;x
HAN_540;Weser-Ems;;;;;;;;;;;;;x
PRU_544;Mecklenburg;;;;;;;;;;;;;x
MEC_544;Schleswig-Holstein;Slesvig-Holstein;Schleswig-Holstein;;;;;;;;;;;x
MEC_545;Mecklenburg;;;;;;;;;;;;;x
PRU_546;Pommern;Poméranie;Pommern;;;;;;;;;;;x
PRU_549;Brandenburg;Brandenbourg;Brandenburg;;;;;;;;;;;x
PRU_553;Anhalt;;;;;;;;;;;;;x
PRU_554;Thüringen;;;;;;;;;;;;;x
SAX_558;Sachsen;Saxe;Sachsen;;;;;;;;;;;x
HEK_568;Hessen;Hesse;Hessen;;;;;;;;;;;x
PRU_570;Pfalz;;;;;;;;;;;;;x
PRU_572;Rheinland;Rheinland;Rheinland;;;;;;;;;;;x
PRU_575;Rheinland;;;;;;;;;;;;;x
PRU_578;Rhein-Ruhr;;;;;;;;;;;;;x
PRU_581;Westfalen;Westphalie;Westfalen;;;;;;;;;;;x
BAD_586;Baden;Baden;Baden;;;;;;;;;;;x
WUR_589;Württemberg;Wurtemberg;Württemberg;;;;;;;;;;;x
BAV_595;Franken;;;;;;;;;;;;;x
BAV_599;Bayern;;;;;;;;;;;;;x
BAV_601;Niederbayern;;;;;;;;;;;;;x
SWI_603;East Switzerland;Suisses de l'Est;Ostschweiz;;;;;;;;;;;x
SWI_605;German Switzerland;;;;;;;;;;;;;x
SWI_607;Région Lémanique;;;;;;;;;;;;;x
SPA_610;Caroline Islands;;;;;;;;;;;;;x
AUS_612;Tirol;Tyrol;Tirol;;;;;;;;;;;x
AUS_613;Kärnten-Steiermark;Kärnten-Steiermark;Kärnten-Steiermark;;;;;;;;;;;x
AUS_614;Vorarlberg;;;;;;;;;;;;;x
AUS_619;Österreich;Autriche;Österreich;;;;;;;;;;;x
AUS_623;Transdanubia;Transdanubie;Transdanubien;;;;;;;;;;;x
AUS_624;Burgenland;;;;;;;;;;;;;x
AUS_625;Bohemia-Moravia;;;;;;;;;;;;;x
AUS_626;Sudetenland;;;;;;;;;;;;;x
AUS_628;Sudetenland;;;;;;;;;;;;;x
AUS_633;Slovakia;Slovaquie;Slovakei;;;;;;;;;;;x
AUS_641;Central Hungary;Hongrie centrale;Zentralungarn;;;;;;;;;;;x
AUS_647;Alföld;Alföld;Alföld;;;;;;;;;;;x
AUS_652;Banat;;;;;;;;;;;;;x
AUS_654;Northern Transylvania;;;;;;;;;;;;;x
AUS_657;Southern Transylvania;;;;;;;;;;;;;x
HAW_658;Hawaiian Islands;Îles d'Hawaï;Hawaii-Inseln;;;;;;;;;;;x
MOL_662;Bucovina;;;;;;;;;;;;;x
AUS_662;East-Galicia;;;;;;;;;;;;;x
WAL_664;Muntenia;;;;;;;;;;;;;x
WAL_665;Wallachia;Valachie;Walachei;;;;;;;;;;;x
MOL_673;Moldavia;Moldavie;Moldau;;;;;;;;;;;x
TUR_674;Dobrudja;Dobrudja;Dobrudja;;;;;;;;;;;x
RUS_676;Bessarabia;;;;;;;;;;;;;x
MOL_676;Bessarabia;;;;;;;;;;;;;x
PRU_679;Hinterpommern;Poméranie plus loin;Hinterpommern;;;;;;;;;;;x
PRU_682;Schlesien;Silésie;Schlesien;;;;;;;;;;;x
PRU_684;Upper Silesia;;;;;;;;;;;;;x
PRU_690;Westpreußen;Westpreußen;Westpreußen;;;;;;;;;;;x
PRU_695;Ostpreußen;Ostpreußen;Ostpreußen;;;;;;;;;;;x
PRU_701;Posen;Posnanie;Posen;;;;;;;;;;;x
AUS_702;West-Galicia;;;;;;;;;;;;;x
AUS_703;Lesser Poland;;;;;;;;;;;;;x
RUS_706;Mazovia;;;;;;;;;;;;;x
RUS_707;Suwalki;;;;;;;;;;;;;x
RUS_708;Podlachia;;;;;;;;;;;;;x
RUS_709;Suwalki;;;;;;;;;;;;;x
RUS_710;Wielkopolskie;Wielkopolskie;Wielkopolskie;;;;;;;;;;;x
RUS_715;Central Poland;;;;;;;;;;;;;x
RUS_718;Minsk;Minsk;Minsk;;;;;;;;;;;x
SAR_720;Piemonte;Piémont;Piemont;;;;;;;;;;;x
SAR_724;Liguria;;;;;;;;;;;;;x
AUS_726;Lombardia;Lombardie;Lombardei;;;;;;;;;;;x
AUS_729;Venetia;Vénétie;Venedig;;;;;;;;;;;x
AUS_733;Friuli;;;;;;;;;;;;;x
AUS_734;Südtirol;;;;;;;;;;;;;x
AUS_736;Friuli;Frioul;Friaul;;;;;;;;;;;x
MOD_739;Emilia;Émilie;Emilia;;;;;;;;;;;x
PAP_741;Emilia-Romagna;;;;;;;;;;;;;x
TUS_744;Toscana;Toscane;Toskana;;;;;;;;;;;x
PAP_752;Lazio;Lazio;Lazio;;;;;;;;;;;x
ITA_753;Abruzzo-Marche;;;;;;;;;;;;;x
SIC_753;Puglia;Pouilles;Puglia;;;;;;;;;;;x
SIC_754;Campania;Campanie;Campania;;;;;;;;;;;x
SIC_756;Apulia-Calabria;;;;;;;;;;;;;x
SIC_760;Calabria;;;;;;;;;;;;;x
SIC_763;Sicilia;;;;;;;;;;;;;x
SAR_765;Tyrrhenian Islands;;;;;;;;;;;;;x
AUS_768;Slovenia;Slovénie;Slovenien;;;;;;;;;;;x
AUS_771;Croatia;Croatie;Kroatien;;;;;;;;;;;x
AUS_777;Slavonia;Slavonie;Slawonien;;;;;;;;;;;x
AUS_778;Istria;Istrie;Istrien;;;;;;;;;;;x
AUS_780;South Dalmatia;Dalmatie du Sud;Süd-Dalmatien;;;;;;;;;;;x
AUS_781;North Dalmatia;La Dalmatie du Nord;Nord-Dalmatien;;;;;;;;;;;x
TUR_788;Bosnia;Bosnie;Bosnien;;;;;;;;;;;x
AUS_792;Vojvodina;;;;;;;;;;;;;x
SER_794;Northern Serbia;Serbie du Nord;Nordserbien;;;;;;;;;;;x
FRA_801;Tahiti;;;;;;;;;;;;;x
AST_801;Polynesia;Polynésie;Polynesien;;;;;;;;;;;x
TUR_803;Southern Serbia;Serbie du Sud;Südserbien;;;;;;;;;;;x
TUR_805;Macedonia;;;;;;;;;;;;;x
TUR_806;North Macedonia;Macédoine du Nord;Nordmazedonien;;;;;;;;;;;x
TUR_809;Eastern Rumelia;;;;;;;;;;;;;x
TUR_810;Bulgaria;Bulgarie;Bulgarien;;;;;;;;;;;x
TUR_819;West Macedonia;Macédoine de l'Ouest;Westmazedonien;;;;;;;;;;;x
TUR_823;Western Thrace;;;;;;;;;;;;;x
TUR_824;Epirus;;;;;;;;;;;;;x
GRE_826;Peloponnisos;;;;;;;;;;;;;x
TUR_828;Thrace;;;;;;;;;;;;;x
TUR_832;Thessalía;Thessalía;Thessalía;;;;;;;;;;;x
GRE_837;Stereá Elláda;;;;;;;;;;;;;x
EGY_843;Aegean Islands;Îles de la mer Egée;Ägäische Inseln;;;;;;;;;;;x
EGY_846;Nisiá Aigaíou;;;;;;;;;;;;;x
TUR_848;Crete;;;;;;;;;;;;;x
TUR_853;Albania;Albanie;Albanien;;;;;;;;;;;x
ENG_854;Malta;;;;;;;;;;;;;x
TUR_855;Cyprus;Chypre;Zypern;;;;;;;;;;;x
TUR_860;Eastern Thrace;;;;;;;;;;;;;x
TUR_863;Hudavendigar;Hudavendigar;Hüdavendigar;;;;;;;;;;;x
TUR_869;Aydin;Aydin;Aydin;;;;;;;;;;;x
TUR_873;Adana;;;;;;;;;;;;;x
TUR_876;Ankara;;;;;;;;;;;;;x
TUR_879;Sivas;;;;;;;;;;;;;x
TUR_880;Kastamonu;;;;;;;;;;;;;x
TUR_881;Kastamonu;Kastamonu;Kastamonu;;;;;;;;;;;x
TUR_882;Trebizond;;;;;;;;;;;;;x
TUR_884;Trabzon;Trabzon;Trabzon;;;;;;;;;;;x
TUR_885;Kars;Kars;Kars;;;;;;;;;;;x
TUR_887;Erzerum;;;;;;;;;;;;;x
TUR_889;Diyarbakir;;;;;;;;;;;;;x
TUR_890;Van;;;;;;;;;;;;;x
TUR_893;Diyarbakir;;;;;;;;;;;;;x
TUR_894;Adana;;;;;;;;;;;;;x
EGY_897;Aleppo;Aleppo;Aleppo;;;;;;;;;;;x
TUR_902;Syria;;;;;;;;;;;;;x
EGY_903;Syria;Syria;Syrien;;;;;;;;;;;x
EGY_910;Transjordan;Transjordan;Transjordanien;;;;;;;;;;;x
TUR_913;Levantine Coast;;;;;;;;;;;;;x
EGY_915;Lebanon;Liban;Libanon;;;;;;;;;;;x
EGY_921;Palestine;Palestine;Palästina;;;;;;;;;;;x
TUR_923;Mosul;Mosul;Mosul;;;;;;;;;;;x
TUR_931;Baghdad;Baghdad;Baghdad;;;;;;;;;;;x
TUR_935;Basra;Basra;Basra;;;;;;;;;;;x
RUS_936;Grodno;;;;;;;;;;;;;x
RUS_940;Pinsk;;;;;;;;;;;;;x
RUS_943;Smolensk;Smolensk;Smolensk;;;;;;;;;;;x
RUS_947;Mogilev;;;;;;;;;;;;;x
RUS_948;Mogilev;;;;;;;;;;;;;x
RUS_955;Yekaterinoslav;;;;;;;;;;;;;x
RUS_956;Volhynia;;;;;;;;;;;;;x
RUS_958;Kyiv;;;;;;;;;;;;;x
RUS_959;Volyn;;;;;;;;;;;;;x
RUS_962;Chernigov;;;;;;;;;;;;;x
RUS_963;Poltava;;;;;;;;;;;;;x
RUS_964;Crimea;Crimée;Krim;;;;;;;;;;;x
RUS_965;Kherson;;;;;;;;;;;;;x
RUS_968;Novorossiya;;;;;;;;;;;;;x
RUS_972;Ekaterinoslav;;;;;;;;;;;;;x
RUS_973;Kherson-Zaporizhia;;;;;;;;;;;;;x
RUS_974;Yekaterinoslav;;;;;;;;;;;;;x
RUS_977;Voronezh;;;;;;;;;;;;;x
RUS_978;Kharkiv;;;;;;;;;;;;;x
RUS_979;Azov;;;;;;;;;;;;;x
RUS_980;Donbass;;;;;;;;;;;;;x
RUS_981;Arkhangelsk;Arkhangelsk;Archangelsk;;;;;;;;;;;x
RUS_990;Kostroma;;;;;;;;;;;;;x
RUS_994;Ingriya;;;;;;;;;;;;;x
RUS_998;Tver;Tver;Tver;;;;;;;;;;;x
RUS_1001;Yaroslavl;;;;;;;;;;;;;x
RUS_1003;Novgorod;Novgorod;Nowgorod;;;;;;;;;;;x
RUS_1006;Pskov;;;;;;;;;;;;;x
RUS_1008;Moskva;;;;;;;;;;;;;x
RUS_1009;Oryol;;;;;;;;;;;;;x
RUS_1010;Kaluga;;;;;;;;;;;;;x
RUS_1011;Tula;;;;;;;;;;;;;x
RUS_1012;Ryazan;;;;;;;;;;;;;x
RUS_1013;Vladimir;;;;;;;;;;;;;x
RUS_1016;Severia;;;;;;;;;;;;;x
RUS_1019;Voronezh;;;;;;;;;;;;;x
RUS_1020;Nizhgorod;;;;;;;;;;;;;x
RUS_1021;Penza;;;;;;;;;;;;;x
RUS_1023;Kostroma;;;;;;;;;;;;;x
RUS_1025;Tambov;;;;;;;;;;;;;x
RUS_1026;Perm;Perm;Perm;;;;;;;;;;;x
RUS_1028;Vyatka;;;;;;;;;;;;;x
RUS_1030;Kazan;;;;;;;;;;;;;x
RUS_1033;Simbirsk;;;;;;;;;;;;;x
RUS_1034;Samara;;;;;;;;;;;;;x
RUS_1037;Saratov;;;;;;;;;;;;;x
RUS_1039;Saratov;;;;;;;;;;;;;x
RUS_1041;Astrakhan;Astrakan;Astrachan;;;;;;;;;;;x
RUS_1042;Ufa;;;;;;;;;;;;;x
RUS_1044;Orenburg;;;;;;;;;;;;;x
RUS_1048;Kuban;;;;;;;;;;;;;x
RUS_1050;Stavropol;;;;;;;;;;;;;x
RUS_1052;Dagestan;;;;;;;;;;;;;x
RUS_1055;Terek;;;;;;;;;;;;;x
RUS_1058;Ural;;;;;;;;;;;;;x
RUS_1060;Orenburzhye;;;;;;;;;;;;;x
RUS_1063;Tomsk;;;;;;;;;;;;;x
RUS_1064;Tobolsk;Tobolsk;Tobolsk;;;;;;;;;;;x
RUS_1065;Yamalia;;;;;;;;;;;;;x
RUS_1066;Tobolsk;;;;;;;;;;;;;x
RUS_1069;West Yakutsk;West Yakutsk;West Yakutsk;;;;;;;;;;;x
RUS_1070;Yeniseysk;;;;;;;;;;;;;x
RUS_1071;Yakutia;;;;;;;;;;;;;x
RUS_1072;Hailanpao;;;;;;;;;;;;;x
RUS_1074;Kamchatka;Kamchatka;Kamtschatka;;;;;;;;;;;x
RUS_1075;Irkutsk;Irkutsk;Irkutsk;;;;;;;;;;;x
RUS_1077;Krasnoyarsk;;;;;;;;;;;;;x
RUS_1079;Transbaikal;;;;;;;;;;;;;x
CHI_1082;Guanwai;;;;;;;;;;;;;x
JAP_1086;Sakhalin;;;;;;;;;;;;;x
CHI_1086;Sakhalin;Sakhalin;Sachalin;;;;;;;;;;;x
JAP_1088;Ezo;;;;;;;;;;;;;x
RUS_1090;Tiflis;;;;;;;;;;;;;x
RUS_1092;Kutais;;;;;;;;;;;;;x
FRA_1097;New Caledonia;;;;;;;;;;;;;x
AST_1097;New Caledonia;;;;;;;;;;;;;x
RUS_1098;Erivan;;;;;;;;;;;;;x
RUS_1102;Baku;;;;;;;;;;;;;x
RUS_1104;Baku;Baku;Baku;;;;;;;;;;;x
RUS_1105;Elisavetpol;;;;;;;;;;;;;x
PER_1112;Azerbaijan;;;;;;;;;;;;;x
PER_1116;Tabaristan;;;;;;;;;;;;;x
PER_1121;Iraq-i Ajam;;;;;;;;;;;;;x
PER_1122;Luristan;Luristan;Luristan;;;;;;;;;;;x
PER_1127;Isfahan;Isfahan;Isfahan;;;;;;;;;;;x
PER_1128;Lorestan;;;;;;;;;;;;;x
PER_1132;Khuzestan;;;;;;;;;;;;;x
PER_1135;Fars;;;;;;;;;;;;;x
PER_1136;Fars;;;;;;;;;;;;;x
PER_1138;Khuzestan;Khuzestan;Chuzestan;;;;;;;;;;;x
PER_1140;Kerman;;;;;;;;;;;;;x
PER_1141;Kerman;;;;;;;;;;;;;x
PER_1142;Hormozgan;;;;;;;;;;;;;x
PER_1148;Khorasan;Khorasan;Khorasan;;;;;;;;;;;x
HDJ_1151;Hedjaz;Hedjaz;Hedjaz;;;;;;;;;;;x
NEJ_1156;Hail;Hail;Ha'il;;;;;;;;;;;x
NEJ_1157;Nejd;Nejd;Nadschd;;;;;;;;;;;x
NEJ_1160;Jabal Shammar;;;;;;;;;;;;;x
ABU_1162;Trucial Coast;;;;;;;;;;;;;x
NEJ_1164;Al Hasa;;;;;;;;;;;;;x
OMA_1166;Oman;Oman;Oman;;;;;;;;;;;x
YEM_1173;Hadramaut;;;;;;;;;;;;;x
YEM_1178;Yemen;;;;;;;;;;;;;x
RUS_1182;Uralsk;Uralsk;Oral;;;;;;;;;;;x
RUS_1184;Akmolinsk;Akmolinsk;Akmolinsk;;;;;;;;;;;x
RUS_1185;Zhetysu;;;;;;;;;;;;;x
RUS_1187;Semipalatinsk;;;;;;;;;;;;;x
KOK_1190;Alay;;;;;;;;;;;;;x
KHI_1191;Khiva;;;;;;;;;;;;;x
RUS_1195;Syr Darya;;;;;;;;;;;;;x
RUS_1196;Transcaspia;;;;;;;;;;;;;x
BUK_1198;Bukhara;;;;;;;;;;;;;x
BUK_1199;Samarkand;;;;;;;;;;;;;x
BUK_1207;Bactria;;;;;;;;;;;;;x
TAJ_1208;Tadzhikistan;;;;;;;;;;;;;x
AFG_1209;Pashtunistan;;;;;;;;;;;;;x
KOK_1210;Bandakshan;;;;;;;;;;;;;x
AFG_1212;Herat;;;;;;;;;;;;;x
AFG_1214;Kunduz;;;;;;;;;;;;;x
AFG_1217;Pashtunistan;;;;;;;;;;;;;x
AFG_1218;Peshawar;;;;;;;;;;;;;x
KAL_1221;Baluchistan;Baluchistan;Belutschistan;;;;;;;;;;;x
PAN_1224;Kashmir;Kashmir;Kaschmir;;;;;;;;;;;x
PAN_1227;Punjab;Punjab;Punjab;;;;;;;;;;;x
PAN_1233;Amritsar;;;;;;;;;;;;;x
ENG_1236;United Provinces;United Provinces;Vereinte Provinzen;;;;;;;;;;;x
ENG_1243;Bundelkhand;;;;;;;;;;;;;x
ENG_1244;Awadh;;;;;;;;;;;;;x
ENG_1247;Bihar;Bihar;Bihar;;;;;;;;;;;x
ENG_1251;Bengal;;;;;;;;;;;;;x
ENG_1252;East Bengal;;;;;;;;;;;;;x
ENG_1258;Assam;Assam;Assam;;;;;;;;;;;x
ENG_1261;Orissa;Orissa;Orissa;;;;;;;;;;;x
ENG_1264;Rajputana;Rajputana;Rajputana;;;;;;;;;;;x
ENG_1275;Central India;Central India;Zentral-Indien;;;;;;;;;;;x
NAG_1277;Nagpur;Nagpur;Nagpur;;;;;;;;;;;x
HYD_1283;Hyderabad;Hyderabad;Hyderabad;;;;;;;;;;;x
SIN_1288;Sind;Sind;Sind;;;;;;;;;;;x
ENG_1291;Gujarat;Gujarat;Gujarat;;;;;;;;;;;x
ENG_1297;Bombay;Bombay;Bombay;;;;;;;;;;;x
ENG_1304;Madras;Madras;Madras;;;;;;;;;;;x
ENG_1305;Circars;Circars;Circars;;;;;;;;;;;x
MYS_1314;Mysore;Mysore;Mysore;;;;;;;;;;;x
ENG_1317;Travancore;Travancore;Travancore;;;;;;;;;;;x
ENG_1320;Andaman & Nicobar Islands;;;;;;;;;;;;;x
ENG_1321;Ceylon;Ceylan;Ceylon;;;;;;;;;;;x
NEP_1326;Western Himalayas;;;;;;;;;;;;;x
NEP_1327;Himalayas;Himalayas;Himalaya;;;;;;;;;;;x
BUR_1330;Pegu;Pegu;Pegu;;;;;;;;;;;x
BUR_1334;Mandalay;;;;;;;;;;;;;x
BUR_1339;Kachin;Kachin;Kachin;;;;;;;;;;;x
ENG_1343;Tenasserim;Tenasserim;Tenasserim;;;;;;;;;;;x
SIA_1352;Pattani;;;;;;;;;;;;;x
SIA_1355;Chiang Mai;Chiang Mai;Chiang Mai;;;;;;;;;;;x
LUA_1356;Laos;Laos;Laos;;;;;;;;;;;x
SIA_1358;Isan;;;;;;;;;;;;;x
SIA_1366;Cambodia;Cambodge;Kambodscha;;;;;;;;;;;x
DAI_1369;Tonkin;;;;;;;;;;;;;x
ANN_1371;Tonkin;Tonkin;Tonkin;;;;;;;;;;;x
ANN_1374;Annam;Annam;Annam;;;;;;;;;;;x
DAI_1375;Annam;;;;;;;;;;;;;x
DAI_1380;Cochinchina;;;;;;;;;;;;;x
ANN_1383;Cochin China;Cochin China;Cochinchina;;;;;;;;;;;x
ENG_1384;Southern Malaya;;;;;;;;;;;;;x
ENG_1391;Northern Malaya;;;;;;;;;;;;;x
SIA_1392;Ayutthaya;;;;;;;;;;;;;x
BRU_1394;West Borneo;;;;;;;;;;;;;x
BRU_1396;Sabah;;;;;;;;;;;;;x
NET_1398;Jambi;;;;;;;;;;;;;x
NET_1399;Palembang;;;;;;;;;;;;;x
NET_1401;East Sumatra;;;;;;;;;;;;;x
ATJ_1405;Banda Aceh;;;;;;;;;;;;;x
SAK_1406;North Sumatra;;;;;;;;;;;;;x
PAG_1408;West Sumatra;;;;;;;;;;;;;x
YEM_1412;Hadhramaut;;;;;;;;;;;;;x
NET_1413;West Java;;;;;;;;;;;;;x
NET_1414;West Java;;;;;;;;;;;;;x
NET_1415;Central Java;;;;;;;;;;;;;x
NET_1416;Princely States;;;;;;;;;;;;;x
NET_1417;East Java;;;;;;;;;;;;;x
NET_1418;East Java;;;;;;;;;;;;;x
NET_1422;South Borneo;;;;;;;;;;;;;x
NET_1423;East Borneo;;;;;;;;;;;;;x
NET_1426;South Borneo;;;;;;;;;;;;;x
NET_1430;Sulawesi;;;;;;;;;;;;;x
BAL_1438;Lesser Sunda Islands;;;;;;;;;;;;;x
POR_1446;Timor;;;;;;;;;;;;;x
NET_1446;Timor;;;;;;;;;;;;;x
NET_1447;Moluccas;;;;;;;;;;;;;x
NET_1449;Celebes;;;;;;;;;;;;;x
NET_1451;Western New Guinea;Western New Guinea;West-Neuguinea;;;;;;;;;;;x
NET_1454;Western New Guinea;;;;;;;;;;;;;x
SPA_1455;Luzon;Luzon;Luzon;;;;;;;;;;;x
SPA_1459;Visayas;Visayas;Visayas;;;;;;;;;;;x
SPA_1463;Mindanao;Mindanao;Mindanao;;;;;;;;;;;x
CHI_1465;Eastern Mongolia;;;;;;;;;;;;;x
CHI_1468;Western Mongolia;;;;;;;;;;;;;x
RUS_1469;Tomsk;Tomsk;Tomsk;;;;;;;;;;;x
CHI_1470;South Anhui;;;;;;;;;;;;;x
CHI_1472;Northern Anhui;Northern Anhui;Nord-Anhui;;;;;;;;;;;x
CHI_1473;Anhui;;;;;;;;;;;;;x
CHI_1476;Jiangsu;Jiangsu;Jiangsu;;;;;;;;;;;x
CHI_1477;North Anhui;;;;;;;;;;;;;x
CHI_1479;Fengtian;;;;;;;;;;;;;x
CHI_1481;Port Arthur;;;;;;;;;;;;;x
CHI_1482;Fujian;;;;;;;;;;;;;x
CHI_1485;Formosa;;;;;;;;;;;;;x
CHI_1487;Fujian;Fujian;Fujian;;;;;;;;;;;x
CHI_1490;Gansu;Kansuh;Gansu;;;;;;;;;;;x
CHI_1493;East Canton;;;;;;;;;;;;;x
CHI_1494;Shaozhou;Shaozhou;Shaozhou;;;;;;;;;;;x
CHI_1496;Hong Kong;;;;;;;;;;;;;x
CHI_1499;West Canton;;;;;;;;;;;;;x
CHI_1501;Hainan;;;;;;;;;;;;;x
CHI_1502;Guangxi;;;;;;;;;;;;;x
CHI_1504;Guangxi;Kwangsi;Guangxi;;;;;;;;;;;x
CHI_1505;Guizhou;;;;;;;;;;;;;x
CHI_1508;East Henan;;;;;;;;;;;;;x
CHI_1510;West Henan;;;;;;;;;;;;;x
CHI_1513;Henan;Henan;Henan;;;;;;;;;;;x
CHI_1516;Hubei;;;;;;;;;;;;;x
CHI_1519;West Hubei;;;;;;;;;;;;;x
CHI_1522;East Hubei;;;;;;;;;;;;;x
CHI_1523;Western Hubei;Western Hubei;West-Hubei;;;;;;;;;;;x
CHI_1524;North Hunan;;;;;;;;;;;;;x
CHI_1526;South Hunan;;;;;;;;;;;;;x
CHI_1529;Hunan;Hunan;Hunan;;;;;;;;;;;x
CHI_1532;Inner Mongolia;Inner Mongolia;Innere Mongolei;;;;;;;;;;;x
CHI_1538;Shanghai;;;;;;;;;;;;;x
CHI_1539;Suzhou;Suzhou;Suzhou;;;;;;;;;;;x
CHI_1540;North Jiangsu;;;;;;;;;;;;;x
CHI_1545;North Jiangxi;;;;;;;;;;;;;x
CHI_1547;South Jiangxi;;;;;;;;;;;;;x
CHI_1550;Jiangxi;Jiangxi;Jiangxi;;;;;;;;;;;x
CHI_1552;Heilongjiang;;;;;;;;;;;;;x
CHI_1553;Amur;;;;;;;;;;;;;x
CHI_1555;Jilin;;;;;;;;;;;;;x
CHI_1557;Qinghai;Tsinghai;Qinghai;;;;;;;;;;;x
CHI_1559;Shaanxi;;;;;;;;;;;;;x
CHI_1563;West Shandong;;;;;;;;;;;;;x
CHI_1565;East Shandong;;;;;;;;;;;;;x
CHI_1566;Qingdao;;;;;;;;;;;;;x
CHI_1569;Weihaiwei;;;;;;;;;;;;;x
CHI_1572;Shanxi;;;;;;;;;;;;;x
CHI_1576;Shanxi;Shanxi;Shanxi;;;;;;;;;;;x
CHI_1578;West Sichuan;;;;;;;;;;;;;x
CHI_1579;East Sichuan;;;;;;;;;;;;;x
CHI_1581;Chongqing;Chongqing;Chongqing;;;;;;;;;;;x
CHI_1586;Xikang;;;;;;;;;;;;;x
TIB_1587;Eastern Himalayas;;;;;;;;;;;;;x
TIB_1591;Tibetan Plateau;;;;;;;;;;;;;x
CHI_1594;Altishahr;;;;;;;;;;;;;x
CHI_1600;Urumqui;Xinjiang;Xinjiang;;;;;;;;;;;x
CHI_1601;Yunnan;Yunnan;Yunnan;;;;;;;;;;;x
CHI_1604;North Zhejiang;;;;;;;;;;;;;x
CHI_1606;Jiaxing;;;;;;;;;;;;;x
CHI_1608;Ningbo;;;;;;;;;;;;;x
CHI_1610;South Zhejiang;;;;;;;;;;;;;x
CHI_1611;Zhejiang;Zhejiang;Zhejiang;;;;;;;;;;;x
CHI_1612;Baoding;;;;;;;;;;;;;x
CHI_1613;Rehe;;;;;;;;;;;;;x
CHI_1614;Southern Zhili;Southern Zhili;Süd-Zhili;;;;;;;;;;;x
CHI_1616;Peking;;;;;;;;;;;;;x
CHI_1618;Zhili;;;;;;;;;;;;;x
KOR_1619;Pyongyang;Pyongyang;Pjöngjang;;;;;;;;;;;x
KOR_1624;Hanseong;;;;;;;;;;;;;x
KOR_1627;Sariwon;Sariwon;Sariwon;;;;;;;;;;;x
KOR_1635;Pusan;;;;;;;;;;;;;x
JAP_1638;Chugoku;;;;;;;;;;;;;x
JAP_1640;Chugoku;;;;;;;;;;;;;x
JAP_1645;Hokuriku;;;;;;;;;;;;;x
JAP_1649;Kanto;Kanto;Kanto;;;;;;;;;;;x
JAP_1654;Bonin Islands;Bonin Islands;Bonininseln;;;;;;;;;;;x
JAP_1655;Kansai;Kansai;Kansai;;;;;;;;;;;x
JAP_1660;Kyushu;Kyushu;Kyushu;;;;;;;;;;;x
JAP_1665;Shikoku;;;;;;;;;;;;;x
JAP_1667;Shikoku;;;;;;;;;;;;;x
JAP_1672;Tohoku;Tohoku;Tohoku;;;;;;;;;;;x
JAP_1675;Chubu;Chubu;Chubu;;;;;;;;;;;x
JAP_1678;Okinawa;;;;;;;;;;;;;x
MOR_1686;Fez;Fez;Fès;;;;;;;;;;;x
MOR_1688;al Rif;al Rif;Al Rif;;;;;;;;;;;x
MOR_1693;Marrakesh;;;;;;;;;;;;;x
MOR_1694;Agadir;;;;;;;;;;;;;x
ALD_1700;Algiers;;;;;;;;;;;;;x
FRA_1700;Algiers;Alger;Algier;;;;;;;;;;;x
ALD_1704;Oran;;;;;;;;;;;;;x
ALD_1705;Oran;;;;;;;;;;;;;x
ALD_1708;Constantine;Constantine;Constantine;;;;;;;;;;;x
ALD_1713;North Central Sahara;;;;;;;;;;;;;x
ALD_1714;Saoura;;;;;;;;;;;;;x
ALD_1718;Oasis;;;;;;;;;;;;;x
ENG_1721;Coromandel Coast;;;;;;;;;;;;;x
CLM_1723;Panama;Panama;Panama;;;;;;;;;;;x
CLM_1724;Balboa;;;;;;;;;;;;;x
TUN_1726;Tunisia;Tunisie;Tunesien;;;;;;;;;;;x
TRI_1731;Tripolitania;;;;;;;;;;;;;x
TRI_1734;Cyrenaica;;;;;;;;;;;;;x
TRI_1735;Cyrenaica;;;;;;;;;;;;;x
TRI_1738;Libya;;;;;;;;;;;;;x
TRI_1739;Libyan Desert;Désert de Lybie;Lybische Wüste;;;;;;;;;;;x
TRI_1740;Fezzan;;;;;;;;;;;;;x
TRI_1742;Fezzan;;;;;;;;;;;;;x
TRI_1743;Tripolitania;;;;;;;;;;;;;x
EGY_1745;Cairo;;;;;;;;;;;;;x
EGY_1746;Sinai;Sinai;Sinai;;;;;;;;;;;x
EGY_1750;Lower Egypt;Basse Égypte;Unter-Ägypten;;;;;;;;;;;x
EGY_1751;Alexandria;;;;;;;;;;;;;x
EGY_1752;Western Desert;;;;;;;;;;;;;x
EGY_1753;Qattara;;;;;;;;;;;;;x
EGY_1754;Cyrenaica;;;;;;;;;;;;;x
EGY_1755;Sinai;;;;;;;;;;;;;x
EGY_1756;Sinai;;;;;;;;;;;;;x
EGY_1757;Suez;;;;;;;;;;;;;x
EGY_1758;Desert;;;;;;;;;;;;;x
EGY_1762;Middle Egypt;Égypte Moyenne;Mittel-Ägypten;;;;;;;;;;;x
EGY_1765;Middle Egypt;;;;;;;;;;;;;x
EGY_1767;Upper Egypt;;;;;;;;;;;;;x
EGY_1770;Red Sea Coast;;;;;;;;;;;;;x
EGY_1771;Upper Egypt;Basse Égypte;Unter-Ägypten;;;;;;;;;;;x
FRA_1775;Mauritania;Côte de la Mauritanie;Mauretanische Küste;;;;;;;;;;;x
FRA_1780;Inner Mauritania;Mauritanie intérieure;Inneres Mauritanien;;;;;;;;;;;x
FRA_1783;Senegal;Sénégal;Senegal;;;;;;;;;;;x
ENG_1785;Gambia;;;;;;;;;;;;;x
FRA_1788;Gambia;Gambie;Gambia;;;;;;;;;;;x
FRA_1792;Casamance;;;;;;;;;;;;;x
FRA_1796;Upper Senegal;;;;;;;;;;;;;x
FRA_1798;Eastern Mali;Mali orientale;Ost-Mali;;;;;;;;;;;x
FRA_1800;Western Mali;;;;;;;;;;;;;x
FRA_1801;Western Mali;Mali ouest;West-Mali;;;;;;;;;;;x
FRA_1803;Timbuktu;Timbuktu;Timbuktu;;;;;;;;;;;x
FRA_1804;Eastern Mali;;;;;;;;;;;;;x
FRA_1805;Gao;;;;;;;;;;;;;x
SOK_1808;Niger;;;;;;;;;;;;;x
FRA_1808;Outer Hausaland;Outer Hausaland;Äußeres Hausaland;;;;;;;;;;;x
FRA_1812;Air;;;;;;;;;;;;;x
FRA_1813;Niger;Niger;Niger;;;;;;;;;;;x
FRA_1815;Damergu;;;;;;;;;;;;;x
ENG_1816;Bornu;;;;;;;;;;;;;x
FRA_1816;Bornu;Bornou;Bornu;;;;;;;;;;;x
FRA_1818;Wadai;;;;;;;;;;;;;x
ENG_1818;Waddai;Ouaddai;Waddai;;;;;;;;;;;x
ENG_1819;Chad;;;;;;;;;;;;;x
FRA_1824;Chad;;;;;;;;;;;;;x
ENG_1825;Chad;Tchad;Tschad;;;;;;;;;;;x
EGY_1827;Sudan;Soudan;Sudan;;;;;;;;;;;x
EGY_1834;Dongola;Dongolah;Dunqula;;;;;;;;;;;x
EGY_1835;Dongola;;;;;;;;;;;;;x
EGY_1838;Kordofan;Kordofan;Kordofan;;;;;;;;;;;x
EGY_1842;Darfur;Darfour;Darfur;;;;;;;;;;;x
ENG_1843;Equatoria;Region Équateur;Äquatoria;;;;;;;;;;;x
ENG_1844;Sudd;;;;;;;;;;;;;x
ENG_1846;Equatoria;;;;;;;;;;;;;x
ITA_1848;Eritrea;;;;;;;;;;;;;x
ENG_1848;Eritrea;L'Érythrée;Eritrea;;;;;;;;;;;x
ETH_1852;Begemder;;;;;;;;;;;;;x
ETH_1853;Tigray;;;;;;;;;;;;;x
ETH_1854;Amhara;;;;;;;;;;;;;x
ETH_1855;Amhara;;;;;;;;;;;;;x
ETH_1856;Tigray;;;;;;;;;;;;;x
ETH_1859;Shoa;;;;;;;;;;;;;x
ETH_1862;Gibe;;;;;;;;;;;;;x
ETH_1864;Galla;;;;;;;;;;;;;x
ETH_1865;Hararghe;;;;;;;;;;;;;x
ETH_1867;Ogaden;;;;;;;;;;;;;x
ENG_1868;Somaliland;Somalie;Somaliland;;;;;;;;;;;x
ITA_1868;Jubaland;;;;;;;;;;;;;x
SOM_1868;South Somaliland;;;;;;;;;;;;;x
ITA_1872;Somaliland;;;;;;;;;;;;;x
SOM_1872;North Somaliland;;;;;;;;;;;;;x
ENG_1873;Adal;;;;;;;;;;;;;x
FRA_1875;Jibuti;;;;;;;;;;;;;x
POR_1877;Guiné-Bissau;;;;;;;;;;;;;x
FRA_1878;Guinea-Bissau;;;;;;;;;;;;;x
FRA_1879;Guinea;Guinée;Guinea;;;;;;;;;;;x
FRA_1883;Guinea;;;;;;;;;;;;;x
FRA_1884;Sierra Leone;Sierra Leone;Sierra Leone;;;;;;;;;;;x
ENG_1884;Sierra Leone;;;;;;;;;;;;;x
ENG_1887;Grain Coast;;;;;;;;;;;;;x
LIB_1887;Liberia;;;;;;;;;;;;;x
FRA_1892;Ivory Coast;Est de la Côte d’Ivoire;Östliche Elfenbeinküste;;;;;;;;;;;x
FRA_1893;Windward Coast;Ouest de la Côte d’Ivoire;Westliche Elfenbeinküste;;;;;;;;;;;x
FRA_1894;East Ivory Coast;;;;;;;;;;;;;x
FRA_1895;West Ivory Coast;;;;;;;;;;;;;x
FRA_1901;Houet;;;;;;;;;;;;;x
FRA_1905;Lower Volta;;;;;;;;;;;;;x
FRA_1907;Gold Coast;;;;;;;;;;;;;x
ENG_1907;Gold Coast;;;;;;;;;;;;;x
ASH_1909;Gold Coast;;;;;;;;;;;;;x
ASH_1910;Volta;;;;;;;;;;;;;x
ENG_1910;Ashanti;;;;;;;;;;;;;x
ENG_1912;Wa;;;;;;;;;;;;;x
GER_1914;East Togoland;;;;;;;;;;;;;x
FRA_1914;Togo;Togo;Togo;;;;;;;;;;;x
GER_1916;West Togoland;;;;;;;;;;;;;x
FRA_1919;Dahomey;;;;;;;;;;;;;x
ENG_1923;Yoruba States;;;;;;;;;;;;;x
FRA_1923;Yoruba States;Yoruba States;Yoruba-Staaten;;;;;;;;;;;x
FRA_1927;Hausaland;Hausaland;Hausaland;;;;;;;;;;;x
ENG_1928;Benin;;;;;;;;;;;;;x
FRA_1930;Benin;Benin;Benin;;;;;;;;;;;x
ENG_1931;Niger Delta;;;;;;;;;;;;;x
FRA_1931;Niger Delta;Niger Delta;Niger-Delta;;;;;;;;;;;x
ENG_1934;Igboland;;;;;;;;;;;;;x
SOK_1934;Biafra;;;;;;;;;;;;;x
FRA_1937;Benue;;;;;;;;;;;;;x
SOK_1937;Tukari;;;;;;;;;;;;;x
SOK_1939;Eastern Hausaland;;;;;;;;;;;;;x
FRA_1939;East Hausaland;East Hausaland;Ost-Hausaland;;;;;;;;;;;x
ENG_1944;Gombe;;;;;;;;;;;;;x
SOK_1945;Kano;;;;;;;;;;;;;x
SOK_1948;Hausaland;;;;;;;;;;;;;x
ENG_1950;Adamawa;;;;;;;;;;;;;x
SPA_1955;Equatorial Guinea;;;;;;;;;;;;;x
GER_1956;Coastal Cameroons;;;;;;;;;;;;;x
GER_1958;South Cameroons;;;;;;;;;;;;;x
ENG_1960;North Cameroon;Nord du Cameroun;Nord-Kamerun;;;;;;;;;;;x
GER_1960;North Cameroons;;;;;;;;;;;;;x
FRA_1962;East Cameroons;;;;;;;;;;;;;x
SOK_1963;Adamawa;;;;;;;;;;;;;x
FRA_1965;Ubangi-Shari;Oubangi-Chari;Ubangi-Schari;;;;;;;;;;;x
FRA_1970;Bangassou;;;;;;;;;;;;;x
FRA_1972;Gabon;Gabon;Gabun;;;;;;;;;;;x
BEL_1977;Bas-Congo;Bas-Congo;Bas-Congo;;;;;;;;;;;x
FRA_1978;Congo;Congo;Kongo;;;;;;;;;;;x
ENG_1979;Guayana;Guayana;Guayana;;;;;;;;;;;x
BEL_1984;Kasai;Kasai;Kasai;;;;;;;;;;;x
BEL_1987;Katanga;Katanga;Katanga;;;;;;;;;;;x
BEL_1990;Congo Orientale;Congo Oriental;Congo Orientale;;;;;;;;;;;x
BEL_1992;Equateur;Equateur;Equateur;;;;;;;;;;;x
BEL_1996;Congo Orientale;;;;;;;;;;;;;x
POR_1999;Luanda;;;;;;;;;;;;;x
POR_2000;Cabinda;;;;;;;;;;;;;x
POR_2003;Benguela;;;;;;;;;;;;;x
POR_2006;East Angola;Est de l’Angola;Ost-Angola;;;;;;;;;;;x
ENG_2012;Barotseland;;;;;;;;;;;;;x
ENG_2014;Barotseland;;;;;;;;;;;;;x
ENG_2016;Kazembe;Kazembe;Kazembe;;;;;;;;;;;x
ENG_2019;Uganda;Ouganda;Uganda;;;;;;;;;;;x
ENG_2024;Kenya;Kenya;Kenia;;;;;;;;;;;x
ENG_2026;Rift Valley;Vallée du Rift;Großer Afrikanischer Grabenbruch;;;;;;;;;;;x
GER_2029;North Swahili Coast;;;;;;;;;;;;;x
ENG_2029;Zanzibar;Zanzibar;Sansibar;;;;;;;;;;;x
GER_2034;Ruanda-Burundi;;;;;;;;;;;;;x
BEL_2034;Ruanda-Urundi;;;;;;;;;;;;;x
ENG_2034;Tanganyika;Tanzanie;Tanganjika;;;;;;;;;;;x
ENG_2035;Ruanda-Urundi;;;;;;;;;;;;;x
ENG_2036;Zanzibar;;;;;;;;;;;;;x
GER_2039;South Swahili Coast;;;;;;;;;;;;;x
ENG_2039;Lindi;Lindi;Lindi;;;;;;;;;;;x
GER_2041;South Tanganyika;;;;;;;;;;;;;x
GER_2043;Tanganyika;;;;;;;;;;;;;x
GER_2044;Usambara;;;;;;;;;;;;;x
ENG_2044;Tanganyika;;;;;;;;;;;;;x
ENG_2048;Zanzibar;;;;;;;;;;;;;x
POR_2049;Gaza;;;;;;;;;;;;;x
POR_2053;Zambezia;Zambezia;Zambezia;;;;;;;;;;;x
POR_2054;Sofala;;;;;;;;;;;;;x
POR_2059;Zambezia-Sofala;;;;;;;;;;;;;x
POR_2060;Moçambique;;;;;;;;;;;;;x
CHI_2062;Shaanxi;;;;;;;;;;;;;x
POR_2064;Mocambique-Niassa;;;;;;;;;;;;;x
ENG_2066;Nyasaland;;;;;;;;;;;;;x
ENG_2067;Nyasaland;;;;;;;;;;;;;x
ENG_2068;Mashonaland;Zambèze;Sambesi;;;;;;;;;;;x
ENG_2071;Rozwi;;;;;;;;;;;;;x
ENG_2074;Bechuanaland;;;;;;;;;;;;;x
GER_2078;Hereroland;;;;;;;;;;;;;x
ENG_2078;Hereroland;Hereroland;Hereroland;;;;;;;;;;;x
ENG_2083;Namaqualand;Namaqualand;Namaqualand;;;;;;;;;;;x
SAF_2083;Walvis Bay;;;;;;;;;;;;;x
GER_2084;Namaqualand;;;;;;;;;;;;;x
ENG_2087;Cape Colony;Colonie du Cap;Cape Colony;;;;;;;;;;;x
ENG_2092;Northern Cape;Cap nord;Northern Cape;;;;;;;;;;;x
ENG_2094;Griqualand West;;;;;;;;;;;;;x
ENG_2096;Eastern Cape;Cap oriental;Eastern Cape;;;;;;;;;;;x
ORA_2103;Basutoland;;;;;;;;;;;;;x
TRN_2108;Tky-Gariep;;;;;;;;;;;;;x
ZUL_2113;Zululand;;;;;;;;;;;;;x
MAD_2115;Merina;;;;;;;;;;;;;x
MAD_2117;South Madagascar;Sud de Madagascar;Süd-Madagaskar;;;;;;;;;;;x
MAD_2119;Betsimisaraka;;;;;;;;;;;;;x
MAD_2121;North Madagascar;Du Nord de Madagascar;Nord-Madagaskar;;;;;;;;;;;x
MAD_2122;Sakalava;;;;;;;;;;;;;x
FRA_2123;Comoros-Mayotte;;;;;;;;;;;;;x
ENG_2125;Indian Ocean Islands;;;;;;;;;;;;;x
ENG_2132;South Atlantic Islands;South Atlantic Islands;Südatlantische Inseln;;;;;;;;;;;x
POR_2134;Macaronesia;Macaronésie;Macaronesien;;;;;;;;;;;x
MEX_2137;Sonora y Baja;;;;;;;;;;;;;x
MEX_2138;Sonora;Sonora;Sonora;;;;;;;;;;;x
MEX_2139;Baja California;;;;;;;;;;;;;x
MEX_2142;Chihuahua;Chihuahua;Chihuahua;;;;;;;;;;;x
MEX_2146;Nuevo León;Nuevo León;Nuevo León;;;;;;;;;;;x
MEX_2147;Coahuila;;;;;;;;;;;;;x
MEX_2149;Cohauila;;;;;;;;;;;;;x
MEX_2150;Tamaulipas;;;;;;;;;;;;;x
MEX_2151;Coahuila;;;;;;;;;;;;;x
MEX_2153;Durango;;;;;;;;;;;;;x
MEX_2158;Zacatecas;;;;;;;;;;;;;x
MEX_2159;Veracruz;;;;;;;;;;;;;x
MEX_2161;Jalisco;Jalisco;Jalisco;;;;;;;;;;;x
MEX_2162;México;México;Mexiko;;;;;;;;;;;x
MEX_2163;Veracruz;;;;;;;;;;;;;x
MEX_2166;Sinaloa y Jalisco;;;;;;;;;;;;;x
MEX_2167;Guanajuato;;;;;;;;;;;;;x
MEX_2170;Michoacán;;;;;;;;;;;;;x
MEX_2172;México;;;;;;;;;;;;;x
MEX_2173;Zacatecas;Zacatecas;Zacatecas;;;;;;;;;;;x
MEX_2177;Oaxaca y Chiapas;;;;;;;;;;;;;x
MEX_2179;Guerrero y Michoacán;;;;;;;;;;;;;x
MEX_2181;Chiapas;;;;;;;;;;;;;x
MEX_2182;Chiapas;;;;;;;;;;;;;x
MEX_2183;Yucatán;Yucatán;Yucatán;;;;;;;;;;;x
UCA_2186;Guatemala;Guatemala;Guatemala;;;;;;;;;;;x
UCA_2191;El Salvador;;;;;;;;;;;;;x
UCA_2192;San Salvador;;;;;;;;;;;;;x
UCA_2193;Honduras;;;;;;;;;;;;;x
UCA_2197;Nicaragua;Nicaragua;Nicaragua;;;;;;;;;;;x
UCA_2201;Costa Rica;Costa Rica;Costa Rica;;;;;;;;;;;x
SPA_2209;Cuba;Cuba;Kuba;;;;;;;;;;;x
ASG_2213;Hispaniola;Hispaniola;Hispaniola;;;;;;;;;;;x
CHI_2221;South Jiangsu;;;;;;;;;;;;;x
ENG_2224;Leeward Islands;;;;;;;;;;;;;x
ENG_2228;Windward Islands;;;;;;;;;;;;;x
VNZ_2234;Maracaibo;;;;;;;;;;;;;x
NET_2235;Leeward Antilles;;;;;;;;;;;;;x
AST_2244;Christmas & Cocos Islands;Îles Christmas et Cocos;Weihnachts- & Kokosinseln;;;;;;;;;;;x
VNZ_2245;Llanos;;;;;;;;;;;;;x
BRZ_2246;Minas Gerais;Minas Gerais;Minas Gerais;;;;;;;;;;;x
CLM_2247;Cundinamarca;Cundinamarca;Cundinamarca;;;;;;;;;;;x
VNZ_2249;Boyacá;;;;;;;;;;;;;x
CLM_2251;Magdalena;;;;;;;;;;;;;x
CLM_2256;Valle del Cauca;Valle del Cauca;Valle del Cauca;;;;;;;;;;;x
CLM_2259;Cauca;Cauca;Cauca;;;;;;;;;;;x
CLM_2262;Guaviare;Guaviare;Guaviare;;;;;;;;;;;x
VNZ_2265;Caracas;;;;;;;;;;;;;x
VNZ_2267;Cumaná;;;;;;;;;;;;;x
VNZ_2278;Bolívar;Bolívar;Bolívar;;;;;;;;;;;x
ECU_2279;Quito;;;;;;;;;;;;;x
PEU_2289;Loreto;;;;;;;;;;;;;x
PEU_2291;Cajamarca;Cajamarca;Cajamarca;;;;;;;;;;;x
PEU_2295;Lima;;;;;;;;;;;;;x
PEU_2297;Cusco;;;;;;;;;;;;;x
PEU_2300;Lima;Lima;Lima;;;;;;;;;;;x
PEU_2302;Ucayali y Cusco;;;;;;;;;;;;;x
PEU_2303;Cusco;;;;;;;;;;;;;x
BOL_2305;Atacama;Atacama;Atacama;;;;;;;;;;;x
BRZ_2306;São Paulo;São Paulo;São Paulo;;;;;;;;;;;x
PEU_2308;Arica;;;;;;;;;;;;;x
BOL_2309;Antofagasta;;;;;;;;;;;;;x
BOL_2314;Chuquisaca;;;;;;;;;;;;;x
BOL_2317;Santa Cruz;Santa Cruz;Santa Cruz;;;;;;;;;;;x
BOL_2321;Santa Cruz;;;;;;;;;;;;;x
CHL_2322;Santiago;Santiago;Santiago;;;;;;;;;;;x
CHL_2327;Los Ríos;Los Ríos;Los Ríos;;;;;;;;;;;x
CHL_2332;Araucania;Araucania;Araucania;;;;;;;;;;;x
PRG_2338;Chaco;;;;;;;;;;;;;x
PRG_2343;Bajo Paraguay;Bajo Paraguay;Bajo Paraguay;;;;;;;;;;;x
URU_2344;Uruguay;Uruguay;Uruguay;;;;;;;;;;;x
ARG_2355;Buenos Aires;Buenos Aires;Buenos Aires;;;;;;;;;;;x
ARG_2357;Corrientes;Corrientes;Corrientes;;;;;;;;;;;x
ARG_2360;Entre Rios;;;;;;;;;;;;;x
ARG_2363;Santa Fe;Santa Fe;Santa Fe;;;;;;;;;;;x
ARG_2368;Jujuy;Jujuy;Jujuy;;;;;;;;;;;x
ARG_2374;Catamarca;;;;;;;;;;;;;x
ARG_2377;Chaco Austral;;;;;;;;;;;;;x
ARG_2384;Córdoba;;;;;;;;;;;;;x
ARG_2387;Tucumán;Tucumán;Tucumán;;;;;;;;;;;x
ARG_2391;Patagonia;;;;;;;;;;;;;x
ARG_2393;La Pampa;;;;;;;;;;;;;x
ARG_2398;Patagonia Meridional;Patagonie méridionale;Patagonia Meridional;;;;;;;;;;;x
BRZ_2401;Amazonas;Amazone;Amazonas;;;;;;;;;;;x
FRA_2406;Desolation Islands;;;;;;;;;;;;;x
BRZ_2408;Grão—Pará;;;;;;;;;;;;;x
BRZ_2410;Maranhão;Maranhão;Maranhão;;;;;;;;;;;x
BRZ_2416;Mato Grosso;Mato Grosso;Mato Grosso;;;;;;;;;;;x
BRZ_2421;Goiás;;;;;;;;;;;;;x
BRZ_2422;Goiás;;;;;;;;;;;;;x
BRZ_2427;Piaui;;;;;;;;;;;;;x
BRZ_2428;Nordeste;;;;;;;;;;;;;x
BRZ_2439;Bahia;Bahia;Bahia;;;;;;;;;;;x
BRZ_2446;Minas Gerais;Minas Gerais;Minas Gerais;;;;;;;;;;;x
BRZ_2447;Rio de Janeiro;Rio de Janeiro;Rio de Janeiro;;;;;;;;;;;x
ENG_2454;Fiji;;;;;;;;;;;;;x
AST_2454;Fiji;Fidji;Fidschi;;;;;;;;;;;x
BRZ_2461;Santa Catarina;;;;;;;;;;;;;x
BRZ_2462;Paraná;Paraná;Paraná;;;;;;;;;;;x
BRZ_2467;Rio Grande do Sul;Rio Grande do Sul;Rio Grande do Sul;;;;;;;;;;;x
ENG_2468;New South Wales;Nouvelles-Galles du Sud;New South Wales;;;;;;;;;;;x
ENG_2476;Victoria;Victoria;Victoria;;;;;;;;;;;x
ENG_2482;Tasmania;;;;;;;;;;;;;x
ENG_2483;Queensland;Queensland;Queensland;;;;;;;;;;;x
ENG_2491;South Australia;Australie du Sud;South Australia;;;;;;;;;;;x
ENG_2497;Western Australia;Australie occidentale;Western Australia;;;;;;;;;;;x
ENG_2505;Northern Territory;Territoires du Nord;Northern Territory;;;;;;;;;;;x
ENG_2509;North Island;Île du Nord;North Island;;;;;;;;;;;x
ENG_2513;South Island;Île du Sud;South Island;;;;;;;;;;;x
SPA_2517;Mariana Islands;;;;;;;;;;;;;x
SPA_2518;Marianas Islands;;;;;;;;;;;;;x
GER_2519;Caroline Islands;;;;;;;;;;;;;x
ENG_2522;Marshall and Gilbert Islands;;;;;;;;;;;;;x
USA_2524;Wake Island;;;;;;;;;;;;;x
AST_2527;Kiribati;Kiribati;Kiribati;;;;;;;;;;;x
AST_2528;New Guinea;;;;;;;;;;;;;x
GER_2530;Northern New Guinea;Nouvelle Guinée du nord;Nördliches Neuguinea;;;;;;;;;;;x
ENG_2534;Solomon Islands;;;;;;;;;;;;;x
AST_2534;Solomon Islands;;;;;;;;;;;;;x
AST_2535;Melanesian Islands;;;;;;;;;;;;;x
GER_2537;Bismarck Archipelago;;;;;;;;;;;;;x
AUS_2538;Vojvodina;;;;;;;;;;;;;x
BRZ_2540;Samoa;;;;;;;;;;;;;x
ENG_2540;Tonga;;;;;;;;;;;;;x
TON_2540;Tonga;;;;;;;;;;;;;x
ENG_2541;Western Polynesia;;;;;;;;;;;;;x
USA_2543;Samoa;;;;;;;;;;;;;x
ENG_2545;Central Polynesia;;;;;;;;;;;;;x
ENG_2552;Pitcairn Island;;;;;;;;;;;;;x
USA_2556;North Carolina;Caroline du Nord;North Carolina;;;;;;;;;;;x
HES_2560;Hessen;;;;;;;;;;;;;x
CHI_2562;Formosa;Formose;Formosa;;;;;;;;;;;x
SWI_2568;Ticino;;;;;;;;;;;;;x
MON_2582;Montenegro;Monténégro;Montenegro;;;;;;;;;;;x
RUS_2587;Kola;;;;;;;;;;;;;x
RUS_2589;Nenetsia;Nénétsie;Nenetsia;;;;;;;;;;;x
RUS_2590;Chukotka;;;;;;;;;;;;;x
CHI_2608;Outer Mongolia;;;;;;;;;;;;;x
RUS_2611;Turgay;;;;;;;;;;;;;x
RUS_2614;Yamalia;;;;;;;;;;;;;x
RUS_2615;Northern Yeniseysk;;;;;;;;;;;;;x
RUS_2618;Magadan;;;;;;;;;;;;;x
RUS_2621;Kolyma;;;;;;;;;;;;;x
RUS_2622;Chukotka;;;;;;;;;;;;;x
USA_2623;Midway;;;;;;;;;;;;;x
RUS_2647;Indigirka;;;;;;;;;;;;;x
RUS_2648;Yakutsk;;;;;;;;;;;;;x
RUS_2653;Khanty-Mansi;;;;;;;;;;;;;x
RUS_2668;North Yakutsk;North Yakutsk;Nord-Yakutsk;;;;;;;;;;;x
RUS_2673;Olenyok;;;;;;;;;;;;;x
CHI_2678;Outer Mongolia;;;;;;;;;;;;;x
RUS_2680;Evenkia;;;;;;;;;;;;;x
RUS_2683;Yugra;;;;;;;;;;;;;x
RUS_2685;Ural;Ural;Ural;;;;;;;;;;;x
RUS_2694;Evenkiysk;;;;;;;;;;;;;x
CHI_3249;Guangzhouwan;;;;;;;;;;;;;x
PAP_3307;Marche;;;;;;;;;;;;;x
