CODE;ENGLISH;FRENCH;GERMAN;POLISH;SPANISH;ITALIAN;SWEDISH;CZECH;HUNGARIAN;DUTCH;PORTUGUESE;RUSSIAN;FINNISH;x
ABA;Beni Abbas;;;;;;;;;;;;;x
ABK;Abkhazia;;;;;;;;;;;;;x
ABU;Trucial States;Abu Dhabi;Abu Dhabi;;;;;;;;;;;x
ACA;Acadia;;;;;;;;;;;;;x
ACE;Acre;;;;;;;;;;;;;x
ADO;Andorra;;;;;;;;;;;;;x
ADV;Deutsch Texas;;;;;;;;;;;;;x
ADW;Adamawa;;;;;;;;;;;;;x
AFG;Afghanistan;Afghanistan;Afghanistan;;;;;;;;;;;x
AGC;Angoche;;;;;;;;;;;;;x
AIN;Ainu;;;;;;;;;;;;;x
AKH;Astrakhan;;;;;;;;;;;;;x
ALB;Albania;Albanie;Albanien;;;;;;;;;;;x
ALD;Algeria;Algérie;Algerien;;;;;;;;;;;x
ALS;Alsace;;;;;;;;;;;;;x
ALT;Altai Republic;;;;;;;;;;;;;x
ANB;Anhalt-Bernburg;;;;;;;;;;;;;x
ANG;Angola;;;;;;;;;;;;;x
ANH;Anhalt-Dessau;;;;;;;;;;;;;x
ANK;Anhalt-Köthen;;;;;;;;;;;;;x
ANT;Anatolia;;;;;;;;;;;;;x
AOT;Aotearoa;Aotearoa;Aotearoa;;;;;;;;;;;x
ARA;Arabia;;;;;;;;;;;;;x
ARC;Argentina;;;;;;;;;;;;;x
ARE;Arenberg;;;;;;;;;;;;;x
ARG;Argentina;Argentine;Argentinien;;;;;;;;;;;x
ARM;Armenia;Arménie;Armenien;;;;;;;;;;;x
ARO;Aro;;;;;;;;;;;;;x
ARU;Arab Union;;;;;;;;;;;;;x
ASH;Ashanti;;;;;;;;;;;;;x
ASM;Assam;;;;;;;;;;;;;x
AST;Australia;Australie;Australien;;;;;;;;;;;x
ASY;Assyria;;;;;;;;;;;;;x
ATB;Saxe-Altenburg;;;;;;;;;;;;;x
ATC;Antillean Confederation;;;;;;;;;;;;;x
ATH;Athos;;;;;;;;;;;;;x
ATJ;Aceh;;;;;;;;;;;;;x
AUS;Austria;Autriche;Österreich;;;;;;;;;;;x
AWA;Awadh;Avadh;Awadh;;;;;;;;;;;x
AWS;Aussa;Awsa;Awsa;;;;;;;;;;;x
AZA;Azande;Azande;Azande;;;;;;;;;;;x
AZB;Azerbaijan;Azerbaïdjan;Aserbaidschan;;;;;;;;;;;x
AZH;Anazzah;;;;;;;;;;;;;x
BAB;Babylon;Babylone;Babylon;;;;;;;;;;;x
BAD;Baden;Bade;Baden;;;;;;;;;;;x
BAH;Bahia;;;;;;;;;;;;;x
BAL;Bali;Bali;Bali;;;;;;;;;;;x
BAN;Banat;;;;;;;;;;;;;x
BAS;Bastar;Bastar;Bastar;;;;;;;;;;;x
BAV;Bavaria;Bavière;Bayern;;;;;;;;;;;x
BDK;Badakhshan;;;;;;;;;;;;;x
BDN;Hakkari;;;;;;;;;;;;;x
BEL;Belgium;Belgique;Belgien;;;;;;;;;;;x
BEN;Benin;Bénin;Benin;;;;;;;;;;;x
BER;Beroda;Beroda;Beroda;;;;;;;;;;;x
BGN;Bulungan;;;;;;;;;;;;;x
BHM;The Bahamas;;;;;;;;;;;;;x
BHO;Bhopal;Bhopal;Bhopal;;;;;;;;;;;x
BHP;Bahawalpur;;;;;;;;;;;;;x
BHR;Bahrain;;;;;;;;;;;;;x
BHT;Bohtan;;;;;;;;;;;;;x
BHU;Bhutan;Bhoutan;Bhutan;;;;;;;;;;;x
BIA;Biafra;;;;;;;;;;;;;x
BIH;Bihar;;;;;;;;;;;;;x
BIK;Bikaner;Bikaner;Bikaner;;;;;;;;;;;x
BIM;Bima;;;;;;;;;;;;;x
BKF;Burkina Faso;;;;;;;;;;;;;x
BKV;Bukovina;;;;;;;;;;;;;x
BLC;Baluchistan;;;;;;;;;;;;;x
BLZ;Belize;;;;;;;;;;;;;x
BMD;Bermuda;;;;;;;;;;;;;x
BMK;Mali;;;;;;;;;;;;;x
BNB;Baban;;;;;;;;;;;;;x
BNG;Bengal;;;;;;;;;;;;;x
BNY;Bunyoro;;;;;;;;;;;;;x
BOH;Bohemia-Moravia;Bohême-Moravie;Böhmen-Mähren;;;;;;;;;;;x
BOL;Bolivia;Bolivie;Bolivien;;;;;;;;;;;x
BOS;Bosnia-Herzegovina;Bosnie-Herzégovine;Bosnien-Herzegowina;;;;;;;;;;;x
BRA;Brunswick;Brunswick;Braunschweig;;;;;;;;;;;x
BRB;Barbados;;;;;;;;;;;;;x
BRD;Burundi;;;;;;;;;;;;;x
BRE;Bremen;Brême;Bremen;;;;;;;;;;;x
BRM;Baguirmi;;;;;;;;;;;;;x
BRT;Brittany;;;;;;;;;;;;;x
BRU;Brunei;Brunei;Brunei;;;;;;;;;;;x
BRY;Buryatia;;;;;;;;;;;;;x
BRZ;Brazil;Brésil;Brasilien;;;;;;;;;;;x
BSH;Lesotho;Basotho;Basotho;;;;;;;;;;;x
BSQ;Basque Country;;;;;;;;;;;;;x
BTL;Bitlis;;;;;;;;;;;;;x
BTN;Buton;;;;;;;;;;;;;x
BUG;Buganda;;;;;;;;;;;;;x
BUH;Buha;;;;;;;;;;;;;x
BUK;Bukkhara;Boukhara;Buchara;;;;;;;;;;;x
BUL;Bulgaria;Bulgarie;Bulgarien;;;;;;;;;;;x
BUN;Bundelkhand;Bundelkhand;Bundelkhand;;;;;;;;;;;x
BUR;Burma;Birmanie;Burma;;;;;;;;;;;x
BHY;Buyaha;;;;;;;;;;;;;x
BYE;Belarus;;;;;;;;;;;;;x
BYZ;Greek Empire;Empire byzantin;Byzantinisches Reich;;;;;;;;;;;x
CAL;California;Californie;Kalifornische Republik;;;;;;;;;;;x
CAM;Cambodia;Cambodge;Kambodscha;;;;;;;;;;;x
CAN;Canada;Canada;Kanada;;;;;;;;;;;x
CAR;Central African Republic;;;;;;;;;;;;;x
CAS;Cascadia;;;;;;;;;;;;;x
CAT;Catalonia;Catalogne;Katalonien;;;;;;;;;;;x
CBH;Cooch Behar;;;;;;;;;;;;;x
CCS;Circassia;;;;;;;;;;;;;x
CGO;Congo;;;;;;;;;;;;;x
CHD;Chad;;;;;;;;;;;;;x
CHE;Cherokee Nation;Cherokee;Cherokee;;;;;;;;;;;x
CHH;Chhatarpur;;;;;;;;;;;;;x
CHI;China;;;;;;;;;;;;;x
CHK;Champassak;Champassak;Champassak;;;;;;;;;;;x
CHL;Chile;Chili;Chile;;;;;;;;;;;x
CHO;Chugoku;;;;;;;;;;;;;x
CHP;Chiapas;;;;;;;;;;;;;x
CHY;Chechnya;;;;;;;;;;;;;x
CIR;Circassia;;;;;;;;;;;;;x
CIV;Industrial Dismantlement;;;;;;;;;;;;;x
CLA;Calabar;Calabar;Calabar;;;;;;;;;;;x
CLC;Cilicia;;;;;;;;;;;;;x
CLM;Colombia;Colombie;Kolumbien;;;;;;;;;;;x
CMC;Comanche Nation;;;;;;;;;;;;;x
CMR;Cameroon;;;;;;;;;;;;;x
CMS;Comoros;;;;;;;;;;;;;x
CNG;Congo Free State;;;;;;;;;;;;;x
COB;Saxe-Coburg-Gotha;Saxe-Cobourg-Gotha;Sachsen-Coburg-Gotha;;;;;;;;;;;x
COC;Cochin;;;;;;;;;;;;;x
COL;Columbia;Colombie;Kolumbien;;;;;;;;;;;x
COS;Costa Rica;Costa Rica;Costa Rica;;;;;;;;;;;x
COU;Courland;;;;;;;;;;;;;x
CPL;Congress Poland;Royaume du Congres;Kongresspolen;;;;;;;;;;;x
CRB;Caribbean Federation;;;;;;;;;;;;;x
CRE;Crete;Crète;Kreta;;;;;;;;;;;x
CRI;Crimea;Crimée;Krim;;;;;;;;;;;x
CRL;Chitral;;;;;;;;;;;;;x
CRO;Croatia;Croatie;Kroatien;;;;;;;;;;;x
CRS;Corsica;;;;;;;;;;;;;x
CRT;Corrientes;;;;;;;;;;;;;x
CSA;Confederate States of America;;;;;;;;;;;;;x
CUB;Cuba;Cuba;Kuba;;;;;;;;;;;x
CUO;Couto Misto;;;;;;;;;;;;;x
CYP;Cyprus;Chypre;Zypern;;;;;;;;;;;x
CYR;Cyrenaica;;;;;;;;;;;;;x
CZH;Czechoslovakia;Tchécoslovaquie;Tschechoslowakei;;;;;;;;;;;x
D01;Kingdom of $REGION$;;Das Königreich von $REGION$;;;;;;;;;;;x
D02;Confederation of $REGION$;;Die Konföderation von $REGION$;;;;;;;;;;;x
D03;Commonwealth of $REGION$;;Commonwealth von $REGION$;;;;;;;;;;;x
D04;Republic of $REGION$;;Die Republik von $REGION$;;;;;;;;;;;x
D05;$REGION$ Free State;;Der $REGION$-Staat;;;;;;;;;;;x
D06;People’s Republic of $REGION$;;Die Volksrepublik von $REGION$;;;;;;;;;;;x
D07;Free State of $REGION$;;Der Freistaat von $REGION$;;;;;;;;;;;x
D08;Grand State of $REGION$;;Der Großstaat von $REGION$;;;;;;;;;;;x
D09;State of $REGION$;;Der Staat von $REGION$;;;;;;;;;;;x
D10;Principality of $REGION$;;Das Fürstentum von $REGION$;;;;;;;;;;;x
D11;Democratic Republic of $REGION$;;Die Demokratische Republik von $REGION$;;;;;;;;;;;x
D12;$REGION$ Union;;Die $REGION$-Union;;;;;;;;;;;x
D13;$REGION$ Kingdom;;Das $REGION$-Königreich;;;;;;;;;;;x
D14;Dominion of $REGION$;;Das Dominion von $REGION$;;;;;;;;;;;x
D15;Grand Duchy of $REGION$;;Das Großherzogtum von $REGION$;;;;;;;;;;;x
D16;$REGION$ Commonwealth;;Die $REGION$-Nation;;;;;;;;;;;x
D17;$REGION$ Federation;;Die $REGION$-Föderation;;;;;;;;;;;x
D18;United States of $REGION$;;Die Vereinigten Staaten von $REGION$;;;;;;;;;;;x
D19;Union of $REGION$;;Die Demokratische Union von $REGION$;;;;;;;;;;;x
D20;Princedom of $REGION$;;Das Fürstentum von $REGION$;;;;;;;;;;;x
D21;Union of $REGION$;;Die Union von $REGION$;;;;;;;;;;;x
D22;People’s Democratic Republic of $REGION$;;Die Demokratische Volksrepublik von $REGION$;;;;;;;;;;;x
D23;$REGION$ Area;;Das $REGION$-Gebiet;;;;;;;;;;;x
D24;Glorious Union of $REGION$;;Die Glorreiche Union von $REGION$;;;;;;;;;;;x
D25;Mighty $REGION$;;Das mächtige Gebiet von $REGION$;;;;;;;;;;;x
D26;$REGION$ Free State;;Der $REGION$-Freistaat;;;;;;;;;;;x
D27;$REGION$ Commonwealth;;$REGION$-Commonwealth;;;;;;;;;;;x
D28;$REGION$ Confederacy;;Die $REGION$-Konföderation;;;;;;;;;;;x
D29;Free People of $REGION$;;Das Freie Volk von $REGION$;;;;;;;;;;;x
D30;$REGION$ Republic;;Die $REGION$-Republik;;;;;;;;;;;x
D31;Holy Union of $REGION$;;Die Heilige Union von $REGION$;;;;;;;;;;;x
D32;Union of $REGION$;;Die Volks-Union von $REGION$;;;;;;;;;;;x
D33;$REGION$ Federation;;Die Föderationsstaaten von $REGION$;;;;;;;;;;;x
D34;$REGION$ Federal State;;Der $REGION$-Föderationsstaat;;;;;;;;;;;x
D35;$REGION$ Confederation;;Die $REGION$-Konföderation;;;;;;;;;;;x
D36;$REGION$ Federation;;Die $REGION$-Föderation;;;;;;;;;;;x
D37;Pious Union of $REGION$;;Die Fromme Union von $REGION$;;;;;;;;;;;x
D38;$REGION$ Land;;$REGION$-Land;;;;;;;;;;;x
D39;Most Serene Republic of $REGION$;;Die Republik der Ruhe von $REGION$;;;;;;;;;;;x
D40;Secret Kingdom of $REGION$;;Das Geheime Königreich von $REGION$;;;;;;;;;;;x
D41;Commune of $REGION$;;Die Kommune von $REGION$;;;;;;;;;;;x
D42;$REGION$ Commune;;Die $REGION$-Kommune;;;;;;;;;;;x
D43;Workers Union of $REGION$;;Die Arbeiter-Union von $REGION$;;;;;;;;;;;x
D44;Landgrave of $REGION$;;Die Landgrafschaft von $REGION$;;;;;;;;;;;x
D45;Nation of $REGION$;;Die Nation von $REGION$;;;;;;;;;;;x
D46;Holy $REGION$;;Die Heilige Region von $REGION$;;;;;;;;;;;x
D47;$REGION$ Dominion;;Das $REGION$-Dominion;;;;;;;;;;;x
D48;People’s State of $REGION$;;Der Volksstaat von $REGION$;;;;;;;;;;;x
D49;High Kingdom of $REGION$;;Das Hohe Königreich von $REGION$;;;;;;;;;;;x
D50;Lesser Duchy of $REGION$;;Das Kleinere Fürstentum von $REGION$;;;;;;;;;;;x
DAG;Dagestan;;;;;;;;;;;;;x
DAH;Dahomey;;;;;;;;;;;;;x
DAI;Dai Nam;Dai Nam;Dai Nam;;;;;;;;;;;x
DAK;Sioux Nation;;;;;;;;;;;;;x
DAM;Damagaram;;;;;;;;;;;;;x
DAR;Darfur;;;;;;;;;;;;;x
DEN;Denmark;Danemark;Dänemark;;;;;;;;;;;x
DES;Deseret;Deseret;Dischret;;;;;;;;;;;x
DJA;Jambi;;;;;;;;;;;;;x
DLM;Dalmatia;;;;;;;;;;;;;x
DNB;Danubian Federation;;;;;;;;;;;;;x
DND;Dendi;;;;;;;;;;;;;x
DOM;Dominican Republic;République dominicaine;Dominikanische Republik;;;;;;;;;;;x
DON;Cossack Republic;;;;;;;;;;;;;x
DRA;Dravidistan;;;;;;;;;;;;;x
DRU;Jabal Druze;;;;;;;;;;;;;x
DUR;Pashtunistan;;;;;;;;;;;;;x
DZG;Danzig;Dantzig;Danzig;;;;;;;;;;;x
ECU;Ecuador;Équateur;Ekuador;;;;;;;;;;;x
EGY;Egypt;Égypte;Ägypten;;;;;;;;;;;x
EIC;East India Company;;;;;;;;;;;;;x
ELS;El Salvador;Salvador;El Salvador;;;;;;;;;;;x
ENG;United Kingdom;Angleterre;Großbritannien;;;;;;;;;;;x
ENL;England;;;;;;;;;;;;;x
ENT;Entre Rios;;;;;;;;;;;;;x
EQG;Equatorial Guinea;;;;;;;;;;;;;x
EST;Estonia;Estonie;Estland;;;;;;;;;;;x
ETH;Abyssinia;Abyssinie;Abessinien;;;;;;;;;;;x
EZO;Ezo;;;;;;;;;;;;;x
FAS;Australie;;;;;;;;;;;;;x
FCA;Canada;;;;;;;;;;;;;x
FDL;Fadhli;;;;;;;;;;;;;x
FIJ;Fiji;Fiji;Fiji;;;;;;;;;;;x
FIL;Filibuster State;;;;;;;;;;;;;x
FIN;Finland;Finlande;Finnland;;;;;;;;;;;x
FIU;Fiume;Fiume;Fiume;;;;;;;;;;;x
FJN;Fujian;;;;;;;;;;;;;x
FLA;Flanders;Flandres;Flandern;;;;;;;;;;;x
FRA;France;France;Frankreich;;;;;;;;;;;x
FRI;Fryslân;;;;;;;;;;;;;x
FRM;Frankfurt am Main;Francfort;Frankfurt am Main;;;;;;;;;;;x
FRO;Faroe Islands;;;;;;;;;;;;;x
FSA;Free States of America;;;;;;;;;;;;;x
GAB;Gabon;;;;;;;;;;;;;x
GAZ;Gaza;;;;;;;;;;;;;x
GBU;Kaabu Empire;;;;;;;;;;;;;x
GCF;Germany;Der Deutsche Bund;Der Deutsche Bund;;;;;;;;;;;x
GCO;Gran Colombia;;;;;;;;;;;;;x
GDL;Guadeloupe;;;;;;;;;;;;;x
GEL;Geledi;;;;;;;;;;;;;x
GEN;Genoa;;;;;;;;;;;;;x
GEO;Georgia;Géorgie;Georgien;;;;;;;;;;;x
GER;Germany;Allemagne;Deutschland;;;;;;;;;;;x
GHN;Ghana;;;;;;;;;;;;;x
GLC;Galicia;;;;;;;;;;;;;x
GLN;Gilan;;;;;;;;;;;;;x
GLM;Galicia-Lodomeria;Galicie-Lodomerie;Galizien-Lodomerien;;;;;;;;;;;x
GMB;The Gambia;;;;;;;;;;;;;x
GMJ;Guominjun;;;;;;;;;;;;;x
GNE;Guinea;;;;;;;;;;;;;x
GNG;Guangdong;;;;;;;;;;;;;x
GON;Gonder;Gonder;Gonder;;;;;;;;;;;x
GRE;Greece;Grèce;Griechenland;;;;;;;;;;;x
GRH;Garhwal;;;;;;;;;;;;;x
GRN;Greenland;;;;;;;;;;;;;x
GUA;Guatemala;Guatemala;Guatemala;;;;;;;;;;;x
GUI;Guizhou;;;;;;;;;;;;;x
GUY;Guyana;;;;;;;;;;;;;x
GWA;Gwalior;Gwalior;Gwalior;;;;;;;;;;;x
GXI;Guangxi;Clique de Guangxi;Guangxi-Clique;;;;;;;;;;;x
HAI;Haiti;;;;;;;;;;;;;x
HAL;Ha’il;;;;;;;;;;;;;x
HAM;Hamburg;Hambourg;Hamburg;;;;;;;;;;;x
HAN;Hanover;Hanovre;Hannover;;;;;;;;;;;x
HAR;Wollo;Wollo;Wollo;;;;;;;;;;;x
HAW;Hawaii;Hawaii;Hawaii;;;;;;;;;;;x
HBY;Hobyo;;;;;;;;;;;;;x
HDJ;Hedjaz;Hedjaz;Hedjaz;;;;;;;;;;;x
HDU;Hindustan;;;;;;;;;;;;;x
HEH;Hesse-Homburg;;;;;;;;;;;;;x
HEK;Hesse-Kassel;Hesse-Cassel;Hessen-Kassel;;;;;;;;;;;x
HES;Hesse-Darmstadt;Hesse-Darmstadt;Hessen-Darmstadt;;;;;;;;;;;x
HGL;Heligoland;;;;;;;;;;;;;x
HND;India;Inde;Indien;;;;;;;;;;;x
HNN;Hunan;;;;;;;;;;;;;x
HNS;Hanseatic League;;;;;;;;;;;;;x
HOH;Hohenzollern-Hechingen;;;;;;;;;;;;;x
HOL;Holstein;Holstein;Holstein;;;;;;;;;;;x
HON;Honduras;Honduras;Honduras;;;;;;;;;;;x
HQJ;Heiqi Jun;;;;;;;;;;;;;x
HRT;Herat;;;;;;;;;;;;;x
HTY;Turkmeneli;;;;;;;;;;;;;x
HUI;Anhui;;;;;;;;;;;;;x
HUN;Hungary;Hongrie;Ungarn;;;;;;;;;;;x
HYD;Hyderabad;Hyderabad;Haiderabad;;;;;;;;;;;x
IBR;Iberia;;;;;;;;;;;;;x
LTU;Latin Union;;;;;;;;;;;;;x
ICL;Iceland;Islande;Island;;;;;;;;;;;x
IDO;Indochina;;;;;;;;;;;;;x
IMG;Mengjiang;;;;;;;;;;;;;x
IND;Indore;Indore;Indore;;;;;;;;;;;x
INO;Indonesia;Indonésie;Indonesien;;;;;;;;;;;x
ION;Ionian Islands;Îles Ioniennes;Ionische Inseln;;;;;;;;;;;x
IOT;Chagos Islands;;;;;;;;;;;;;x
IRE;Ireland;Irlande;Irland;;;;;;;;;;;x
IRQ;Iraq;Iraq;Irak;;;;;;;;;;;x
ISR;Israel;Israël;Israel;;;;;;;;;;;x
ITA;Italy;Italie;Italien;;;;;;;;;;;x
ITP;Italy;;;;;;;;;;;;;x
ITS;Italy;;;;;;;;;;;;;x
IVC;Ivory Coast;;;;;;;;;;;;;x
IZH;Ingria;;;;;;;;;;;;;x
JAI;Jaipur;Jaipur;Jaipur;;;;;;;;;;;x
JAL;Futa Jallon;;;;;;;;;;;;;x
JAM;Jamaica;Jamaïque;Jamaica;;;;;;;;;;;x
JAN;Jan Mayen;Jan Mayen;Jan Mayen;;;;;;;;;;;x
JAP;Japan;Japon;Japan;;;;;;;;;;;x
JAS;Jaisalmer;Jaisalmer;Jaisalmer;;;;;;;;;;;x
JAV;Java;Java;Java;;;;;;;;;;;x
JEY;Jeypura;;;;;;;;;;;;;x
JOD;Jodhpur;Jodhpur;Jodhpur;;;;;;;;;;;x
JOH;Johor;;;;;;;;;;;;;x
JOR;Jordan;;;;;;;;;;;;;x
JUN;Junagadh;;;;;;;;;;;;;x
KAF;Kaffa;Kaffa;Kaffa;;;;;;;;;;;x
KAG;Ishikawa;;;;;;;;;;;;;x
KAL;Kalat;Kalat;Kalat;;;;;;;;;;;x
KAM;Kamchatka;;;;;;;;;;;;;x
KAR;Karen;;;;;;;;;;;;;x
KAS;Kashmir;Cachemire;Kaschmir;;;;;;;;;;;x
KAZ;Kazakhstan;;;;;;;;;;;;;x
KBO;Kanem-Bornu;Kanem-Bornu;Kanem-Bornu;;;;;;;;;;;x
KCH;Kachin;;;;;;;;;;;;;x
KDS;Kurdistan;;;;;;;;;;;;;x
KGW;Karagwe;;;;;;;;;;;;;x
KHA;Khasi States;;;;;;;;;;;;;x
KHB;Kharan;;;;;;;;;;;;;x
KHI;Khiva;Khiva;Khiva;;;;;;;;;;;x
KHP;Khairpur;;;;;;;;;;;;;x
KHR;Khorasan;Khorasan;Khorasan;;;;;;;;;;;x
KHZ;Arabistan;Arabistan;Arabistan;;;;;;;;;;;x
KLM;Kalimantan;;;;;;;;;;;;;x
KMK;Kalmykia;;;;;;;;;;;;;x
KML;Kumul Khanate;;;;;;;;;;;;;x
KMT;Nationalist China;;;;;;;;;;;;;x
KNG;Kong;Ouattara;Wattara;;;;;;;;;;;x
KNP;Lordship of In- and Kniphausen;;;;;;;;;;;;;x
KNY;Kenya;;;;;;;;;;;;;x
KOK;Kokand;Kokand;Kokand;;;;;;;;;;;x
KON;Kongo;;;;;;;;;;;;;x
KOR;Korea;;;;;;;;;;;;;x
KOT;Kotah;;;;;;;;;;;;;x
KPB;Portugal-Brazil;Portugal-Brazil;Portugal-Brazil;;;;;;;;;;;x
KRA;Krakow;Cracovie;Krakau;;;;;;;;;;;x
KRL;Karelia;;;;;;;;;;;;;x
KRN;Karnatak;;;;;;;;;;;;;x
KRO;Kronprinzinsel;;;;;;;;;;;;;x
KTH;Kathiri;;;;;;;;;;;;;x
KTI;Kutai;;;;;;;;;;;;;x
KUB;Kuba;Kuba;Kuba;;;;;;;;;;;x
KUK;Austria-Hungary;Autriche-Hongrie;Österreich-Ungarn;;;;;;;;;;;x
KUN;Kunduz;;;;;;;;;;;;;x
KUT;Kutch;Kutch;Kutch;;;;;;;;;;;x
KWT;Kuwait;;;;;;;;;;;;;x
KYR;Kyrgyzstan;;;;;;;;;;;;;x
KZB;Kazembe;Kazembe;Kazembe;;;;;;;;;;;x
LAD;Ladakh;Ladakh;Ladakh;;;;;;;;;;;x
LAN;Lanfang;;;;;;;;;;;;;x
LAS;Las Bela;;;;;;;;;;;;;x
LAT;Latvia;Lettonie;Lettland;;;;;;;;;;;x
LAU;Saxe-Lauenburg;;;;;;;;;;;;;x
LBA;Luba;;;;;;;;;;;;;x
LBG;Limburg;;;;;;;;;;;;;x
LBN;Lebanon;;;;;;;;;;;;;x
LBY;Libya;;;;;;;;;;;;;x
LEG;Tientsin;;;;;;;;;;;;;x
LHJ;Lahej;;;;;;;;;;;;;x
LIB;Liberia;Libéria;Liberia;;;;;;;;;;;x
LIE;Liechtenstein;;;;;;;;;;;;;x
LIM;Limburg;;;;;;;;;;;;;x
LIP;Lippe-Detmold;Lippe-Detmold;Lippe-Detmold;;;;;;;;;;;x
LIT;Lithuania;Lituanie;Litauen;;;;;;;;;;;x
LIV;Livonia;;;;;;;;;;;;;x
LOA;Loango;;;;;;;;;;;;;x
LOM;Lombardia;Lombardie;Lombardei;;;;;;;;;;;x
LOR;Lorraine;;;;;;;;;;;;;x
LOS;Los Altos;;;;;;;;;;;;;x
LPL;United Provinces;;;;;;;;;;;;;x
LSK;Alaska;;;;;;;;;;;;;x
LUA;Luang Prabang;Luang Prabang;Luang Prabang;;;;;;;;;;;x
LUB;Lübeck;Lübeck;Lübeck;;;;;;;;;;;x
LUC;Lucca;Lucques;Lucca;;;;;;;;;;;x
LUN;Lunda;Lunda;Lunda;;;;;;;;;;;x
LUW;Luwu;;;;;;;;;;;;;x
LUX;Luxembourg;Luxembourg;Luxemburg;;;;;;;;;;;x
LUZ;Lusatia;;;;;;;;;;;;;x
LVN;Lombardy-Venetia;;;;;;;;;;;;;x
LXA;Laos;Lan Xang;LanXang;;;;;;;;;;;x
MAD;Madagascar;Madagascar;Madagaskar;;;;;;;;;;;x
MAF;Mittelafrika;;;;;;;;;;;;;x
MAH;Maharashtra;;;;;;;;;;;;;x
MAJ;Majeerteen;;;;;;;;;;;;;x
MAK;Makran;Makran;Makran;;;;;;;;;;;x
MAL;Maluku;;;;;;;;;;;;;x
MAN;New York;;Manhattan-Kommune;;;;;;;;;;;x
MAS;Massina;Macina;Massina;;;;;;;;;;;x
MAT;Matabele;Matabele;Matabele;;;;;;;;;;;x
MAU;Mauritius;;;;;;;;;;;;;x
MCD;Macedonia;;;;;;;;;;;;;x
MCK;Manchuria;;;;;;;;;;;;;x
MDR;Madeiras;;;;;;;;;;;;;x
MDV;Moldova;;;;;;;;;;;;;x
MEC;Mecklenburg-Schwerin;Mecklenbourg;Mecklenburg;;;;;;;;;;;x
MEI;Saxe-Meiningen;Saxe-Meiningen;Sachsen-Meiningen;;;;;;;;;;;x
MEW;Mewar;Mewar;Mewar;;;;;;;;;;;x
MEX;Mexico;Mexique;Mexiko;;;;;;;;;;;x
MGH;Maghreb;;;;;;;;;;;;;x
MGL;Mongolia;Mongolie;Mongolei;;;;;;;;;;;x
MHR;Mahra;;;;;;;;;;;;;x
MIG;Mingrelia;;;;;;;;;;;;;x
MIZ;Mizoram;;;;;;;;;;;;;x
MJG;Mengjiang;;;;;;;;;;;;;x
MKN;Mukriyan;;;;;;;;;;;;;x
MLD;Maldives;;;;;;;;;;;;;x
MLI;Mali;;;;;;;;;;;;;x
MLT;Malta;;;;;;;;;;;;;x
MLW;Malawi;;;;;;;;;;;;;x
MLY;Malaysia;;;;;;;;;;;;;x
MNC;Monaco;Monaco;Monaco;;;;;;;;;;;x
MNG;Mongo;Mongo;Mongo;;;;;;;;;;;x
MNP;Manipur;;;;;;;;;;;;;x
MOD;Modena;Modène;Modena;;;;;;;;;;;x
MOL;Moldavia;Moldavie;Moldawien;;;;;;;;;;;x
MON;Montenegro;Monténégro;Montenegro;;;;;;;;;;;x
MOR;Morocco;Maroc;Marokko;;;;;;;;;;;x
MOS;Mossi;Mossi;Mossi;;;;;;;;;;;x
MOZ;Mozambique;;;;;;;;;;;;;x
MRN;Moresnet;;;;;;;;;;;;;x
MRT;Marathas;;;;;;;;;;;;;x
MRU;Maritime Union;;;;;;;;;;;;;x
MSC;Seminole Nation;;;;;;;;;;;;;x
MSK;Misquito Coast;;;;;;;;;;;;;x
MSS;Samos;;;;;;;;;;;;;x
MST;Mecklenburg-Strelitz;;;;;;;;;;;;;x
MTC;Métis Confederacy;Confédération métisse;Metis-Konföderation;;;;;;;;;;;x
MTQ;Martinique;;;;;;;;;;;;;x
MUG;Mughalistan;Mogholistan;Mughalistan;;;;;;;;;;;x
MYA;Maya;;;;;;;;;;;;;x
MYS;Mysore;Mysore;Mysore;;;;;;;;;;;x
NAF;New Africa;New Africa;New Africa;;;;;;;;;;;x
NAG;Nagpur;Nagpur;Nagpur;;;;;;;;;;;x
NAL;Natalia;Natal;Natal;;;;;;;;;;;x
NAN;Netherlands Antilles;;;;;;;;;;;;;x
NAS;Nassau;Nassau;Nassau;;;;;;;;;;;x
NBR;New Brunswick;Terre-Neuve;Neufundland;;;;;;;;;;;x
NCT;Neuchatel;;;;;;;;;;;;;x
NEJ;Nejd;Nejd;Nejd;;;;;;;;;;;x
NEN;New England;Nouvelle-Angleterre;Neuengland;;;;;;;;;;;x
NEP;Nepal;Népal;Nepal;;;;;;;;;;;x
NET;Netherlands;Pays-Bas;Niederlande;;;;;;;;;;;x
NEW;Newfoundland;Terre-Neuve;Neufundland;;;;;;;;;;;x
NGA;Nagalim;;;;;;;;;;;;;x
NGF;North German Federation;Confédération de l'Allemagne du Nord;Norddeutscher Bund;;;;;;;;;;;x
NGR;Nigeria;;;;;;;;;;;;;x
NIA;Nianjun;;;;;;;;;;;;;x
NIC;Nicaragua;Nicaragua;Nicaragua;;;;;;;;;;;x
NIG;Niger;;;;;;;;;;;;;x
NKO;Nkore;;;;;;;;;;;;;x
NMB;Namibia;;;;;;;;;;;;;x
NOR;Norway;Norvège;Norwegen;;;;;;;;;;;x
NPL;Naples;Naples;Naples;;;;;;;;;;;x
NRM;Normandy;;;;;;;;;;;;;x
NSC;Nova Scotia;;;;;;;;;;;;;x
NYE;North Yemen;;;;;;;;;;;;;x
NZL;New Zealand;Nouvelle-Zélande;Neuseeland;;;;;;;;;;;x
NZF;Nouvelle-Zélande;;;;;;;;;;;;;x
OAX;Oaxaca;;;;;;;;;;;;;x
OCC;Occitania;Occitanie;Occitania;;;;;;;;;;;x
OLD;Oldenburg;Oldenbourg;Oldenburg;;;;;;;;;;;x
OMA;Oman;Oman;Oman;;;;;;;;;;;x
ORA;Oranje;Orange;Oranje;;;;;;;;;;;x
ORI;Orissa;Orissa;Orissa;;;;;;;;;;;x
OYO;Oyo;;;;;;;;;;;;;x
PAC;Paris Commune;Paris Commune;Paris Commune;;;;;;;;;;;x
PAK;Pakistan;;;;;;;;;;;;;x
PAL;Palanpur;;;;;;;;;;;;;x
PAP;Papal States;;;;;;;;;;;;;x
PAR;Parma;Parme;Parma;;;;;;;;;;;x
PAT;Patani;;;;;;;;;;;;;x
PBC;Peru-Bolivia;;;;;;;;;;;;;x
PEI;Prince Edward Island;;;;;;;;;;;;;x
PER;Iran;Perse;Persien;;;;;;;;;;;x
PEU;Peru;Pérou;Peru;;;;;;;;;;;x
PGG;Pingnan Guo;;;;;;;;;;;;;x
PHG;Pahang;;;;;;;;;;;;;x
PHL;Philippines;Philippines;Philippinen;;;;;;;;;;;x
PIT;Pitu Ba’bana Binanga;;;;;;;;;;;;;x
PLC;Polish-Lithuanian Commonwealth;Pologne-Lituanie;Polen-Litauen;;;;;;;;;;;x
PLS;Palestine;;;;;;;;;;;;;x
PML;Pomeralia;;;;;;;;;;;;;x
PNB;Pernambuco;;;;;;;;;;;;;x
PNJ;Punjab;Pendjab;Pandschab;;;;;;;;;;;x
PNM;Panama;Panama;Panama;;;;;;;;;;;x
PNT;Pontus;;;;;;;;;;;;;x
POL;Poland;Pologne;Polen;;;;;;;;;;;x
PON;Pontus;Pontus;Pontus;;;;;;;;;;;x
POR;Portugal;Portugal;Portugal;;;;;;;;;;;x
PPG;Papua New Guinea;;;;;;;;;;;;;x
PRG;Paraguay;Paraguay;Paraguay;;;;;;;;;;;x
PRI;Puerto Rico;Puerto Rico;Puerto Rico;;;;;;;;;;;x
PRK;Perak;;;;;;;;;;;;;x
PRU;Prussia;Prusse;Preußen;;;;;;;;;;;x
PTG;Patagonia;;;;;;;;;;;;;x
PTK;Pontianak;;;;;;;;;;;;;x
PTL;Patiala;;;;;;;;;;;;;x
PZN;Poznan;Poznan;Poznan;;;;;;;;;;;x
QAT;Qatar;;;;;;;;;;;;;x
QCI;Queen Charlotte Islands;;;;;;;;;;;;;x
QNG;Qing;;;;;;;;;;;;;x
QUE;Quebec;Québec;Quebec;;;;;;;;;;;x
RAJ;Rajputana;;;;;;;;;;;;;x
RDL;Ardalan;;;;;;;;;;;;;x
REB;Rebels;Partisans;Partisanen;;;;;;;;;;;x
REU;Reuss Junior Line;;;;;;;;;;;;;x
REW;Rewah;;;;;;;;;;;;;x
RGA;Constantine Beylik;;;;;;;;;;;;;x
RGR;Rio Grande;;;;;;;;;;;;;x
RGS;Rio Grande do Sul;;;;;;;;;;;;;x
RHI;Rhineland;Rhénanie;Rheinland;;;;;;;;;;;x
RHO;Southern Rhodesia;Rhodésie du sud;Südrhodesien;;;;;;;;;;;x
RIA;Riau-Lingga;;;;;;;;;;;;;x
RJK;Rajkot;;;;;;;;;;;;;x
RLE;Reuss-Lobenstein-Ebersdorf;;;;;;;;;;;;;x
RMG;Romagna;;;;;;;;;;;;;x
ROM;Romania;Roumanie;Rumänien;;;;;;;;;;;x
RPL;Rupert’s Land;Assiniboia;;;;;;;;;;;;x
RSR;Reuss Elder Line;;;;;;;;;;;;;x
RUM;Eastern Rumelia;;;;;;;;;;;;;x
RUS;Russia;Russie;Russland;;;;;;;;;;;x
RUT;Ruthenia;Ruthénie;Ruthenien;;;;;;;;;;;x
RWA;Rwanda;;;;;;;;;;;;;x
RYU;Ryukyu;;;;;;;;;;;;;x
SAA;Saarland;Sarre;Saarland;;;;;;;;;;;x
SAF;South Africa;Afrique du Sud;Südafrika;;;;;;;;;;;x
SAK;Siak;;;;;;;;;;;;;x
SAM;Sisam Imâreti;;;;;;;;;;;;;x
SAR;Sardinia-Piedmont;Piémont-Sardaigne;Sardinien-Piemont;;;;;;;;;;;x
SAT;Kyushu;;;;;;;;;;;;;x
SAX;Saxony;Saxe;Sachsen;;;;;;;;;;;x
SBA;Buenos Aires;;;;;;;;;;;;;x
SBS;Sambas;;;;;;;;;;;;;x
SCA;Scandinavia;Scandinavie;Skandinavien;;;;;;;;;;;x
SCH;Schleswig;Slesvig;Schleswig;;;;;;;;;;;x
SCL;Schaumburg-Lippe;;;;;;;;;;;;;x
SCO;Scotland;Écosse;Schottland;;;;;;;;;;;x
SDB;Sonderbund;;;;;;;;;;;;;x
SEG;Bamana Empire;;;;;;;;;;;;;x
SEN;Tohoku;;;;;;;;;;;;;x
SER;Serbia;Serbie;Serbien;;;;;;;;;;;x
SEY;Seychelles;;;;;;;;;;;;;x
SGF;South German Federation;États de l'Allemagne du Sud;Süddeutscher Bund;;;;;;;;;;;x
SGM;Hohenzollern-Sigmaringen;;;;;;;;;;;;;x
SGP;Singapore;;;;;;;;;;;;;x
SHA;Shan;;;;;;;;;;;;;x
SHI;Shimla;Shimla;Shimla;;;;;;;;;;;x
SHK;Shilluk;;;;;;;;;;;;;x
SHO;Shonaland;Shona;Shona;;;;;;;;;;;x
SHW;Shewa;Shewa;Shewa;;;;;;;;;;;x
SIA;Siam;Siam;Siam;;;;;;;;;;;x
SIB;Siberian Republic;;;;;;;;;;;;;x
SIC;Two Sicilies;Deux-Siciles;Bd Sizilien;;;;;;;;;;;x
SID;Sidama;Sidama;Sidama;;;;;;;;;;;x
SIE;Transylvania;Transylvanie;Siebenbürgen;;;;;;;;;;;x
SIK;Sikkim;Sikkim;Sikkim;;;;;;;;;;;x
SIN;Sindh;Sindh;Sindh;;;;;;;;;;;x
SLA;Selimbau;;;;;;;;;;;;;x
SLE;Sierra Leone;;;;;;;;;;;;;x
SLG;Selangor;;;;;;;;;;;;;x
SLO;Slovenia;Slovénie;Slowenien;;;;;;;;;;;x
SLS;Silesia;;;;;;;;;;;;;x
SLV;Slovakia;Slovaquie;Slowakei;;;;;;;;;;;x
SLW;Sulawesi;;;;;;;;;;;;;x
SMO;Samoa;;;;;;;;;;;;;x
SMR;San Marino;;;;;;;;;;;;;x
SNG;Senegal;;;;;;;;;;;;;x
SNZ;New Munster;New Munster;New Munster;;;;;;;;;;;x
SOK;Sokoto;Sokoto;Sokoto;;;;;;;;;;;x
SOM;Somaliland;Somalia;Somalia;;;;;;;;;;;x
SON;Sonora;;;;;;;;;;;;;x
SOV;The Union of Soviet Socialist Republics;;;;;;;;;;;;;x
SPA;Spain;Espagne;Spanien;;;;;;;;;;;x
SPC;Spain;;;;;;;;;;;;;x
SPQ;Roman Empire;;;;;;;;;;;;;x
SPU;South Peru;;;;;;;;;;;;;x
SRD;Sardinia;;;;;;;;;;;;;x
SRG;Surguja;;;;;;;;;;;;;x
SRI;Sri Lanka;;;;;;;;;;;;;x
SRN;Soran;;;;;;;;;;;;;x
SRS;Schwarzburg-Rudolstadt;;;;;;;;;;;;;x
STG;Sintang;;;;;;;;;;;;;x
STH;Estland;;;;;;;;;;;;;x
STK;Stickeen;;;;;;;;;;;;;x
SUA;Suazi;Suazi;Suazi;;;;;;;;;;;x
SUD;Sudan;;;;;;;;;;;;;x
SUL;Sulu;;;;;;;;;;;;;x
SVA;Svaneti;;;;;;;;;;;;;x
SVY;Savoy;;;;;;;;;;;;;x
SWE;Sweden;Suède;Schweden;;;;;;;;;;;x
SWG;Schwarzburg-Sondershausen;;;;;;;;;;;;;x
SWH;Schleswig-Holstein;;;;;;;;;;;;;x
SWI;Switzerland;Suisse;Schweiz;;;;;;;;;;;x
SWK;Sarawak;;;;;;;;;;;;;x
SXI;Shanxi;Clique de Shanxi;Shanxi-Clique;;;;;;;;;;;x
SYC;Sicily;;;;;;;;;;;;;x
SYR;Syria;;;;;;;;;;;;;x
SZC;Sichuan;;;;;;;;;;;;;x
TAH;Tahiti;;;;;;;;;;;;;x
TAI;Taiwan;;;;;;;;;;;;;x
TAJ;Tajikistan;;;;;;;;;;;;;x
TAR;Tatarstan;;;;;;;;;;;;;x
TBS;Tabasco;Tabasco;Tabasco;;;;;;;;;;;x
TCA;Transcaucasia;;;;;;;;;;;;;x
TEX;Texas;Texas;Texas;;;;;;;;;;;x
TGA;Tonga;;;;;;;;;;;;;x
TIB;Tibet;Tibet;Tibet;;;;;;;;;;;x
TIG;Tigray;Tigray;Tigray;;;;;;;;;;;x
TKG;Shogunate Japan;;;;;;;;;;;;;x
TKM;Turkmenistan;;;;;;;;;;;;;x
TKS;Turkestan;;;;;;;;;;;;;x
TMR;Timor;;;;;;;;;;;;;x
TMT;Tuamotu;;;;;;;;;;;;;x
TNT;Tannu Tuva;;;;;;;;;;;;;x
TNZ;Tanganyika;;;;;;;;;;;;;x
TOG;Togo;;;;;;;;;;;;;x
TOO;Futa Toro;;;;;;;;;;;;;x
TOR;Tooro;;;;;;;;;;;;;x
TOS;Shikoku;;;;;;;;;;;;;x
TOU;Tukulor Empire;;;;;;;;;;;;;x
TPG;Heavenly Kingdom;;;;;;;;;;;;;x
TRA;Travancore;Travancore;Travancore;;;;;;;;;;;x
TRE;Trieste;Trieste;Triest;;;;;;;;;;;x
TRI;Tripoli;Tripoli;Tripolis;;;;;;;;;;;x
TRN;Transvaal;Transvaal;Transvaal;;;;;;;;;;;x
TRP;Tripura;;;;;;;;;;;;;x
TRZ;Trarza;;;;;;;;;;;;;x
TST;Alto Adige;;;;;;;;;;;;;x
TSW;Botswana;Botswana;Botswana;;;;;;;;;;;x
TTB;Trinidad and Tobago;Trinité & Tobago;Trinidad & Tobago;;;;;;;;;;;x
TUG;Touggourt;;;;;;;;;;;;;x
TUN;Tunisia;;;;;;;;;;;;;x
TUR;Turkey;Empire ottoman;Osmanisches Reich;;;;;;;;;;;x
TUS;Tuscany;Toscane;Toskana;;;;;;;;;;;x
UBD;United Baltic Provinces;Provinces baltiques unies;Vereinite Baltische Staaten;;;;;;;;;;;x
UCA;Federal Republic of Central America;Confédération d'Amérique centrale;Zentralamerikanische Konföderation;;;;;;;;;;;x
UCV;Temp. Uncivilized Nation;;;;;;;;;;;;;x
UIL;New American Alliance;;;;;;;;;;;;;x
UKR;Ukraine;Ukraine;Ukraine;;;;;;;;;;;x
UKY;Kentucky;;;;;;;;;;;;;x
ULA;Louisiana;;;;;;;;;;;;;x
UNB;Colorado;;;;;;;;;;;;;x
UNM;Apache Nation;;;;;;;;;;;;;x
UNY;New York;;;;;;;;;;;;x
UOR;Oregon Country;;;;;;;;;;;;;x
URA;Ural Republic;;;;;;;;;;;;;x
URM;Urmia;;;;;;;;;;;;;x
URP;United Principalities;;;;;;;;;;;;;x
URU;Uruguay;Uruguay;Uruguay;;;;;;;;;;;x
USA;United States of America;États-Unis;USA;;;;;;;;;;;x
USS;United States of South America;;;;;;;;;;;;;x
UTI;Territory Exchange;;;;;;;;;;;;;x
U01;Assimilation Campaign;;;;;;;;;;;;;x
U02;Statehood Mechanic;;;;;;;;;;;;;x
UUW;Ussuwi;;;;;;;;;;;;;x
UVT;Vermont;;;;;;;;;;;;;x
UYG;Uyghurstan;;;;;;;;;;;;;x
UZB;Uzbekistan;;;;;;;;;;;;;x
VAN;Vancouver Island;;;;;;;;;;;;;x
VEN;Venice;Venise;Venedig;;;;;;;;;;;x
VFR;Vichy France;;;;;;;;;;;;;x
VLG;Volgaland;;;;;;;;;;;;;x
VLK;South African Republic;;;;;;;;;;;;;x
VLP;Río de la Plata;;;;;;;;;;;;;x
VNG;Nueva Granada;;;;;;;;;;;;;x
VNS;Nueva España;;;;;;;;;;;;;x
CGC;Chile;;;;;;;;;;;;;x
VOP;Peru;;;;;;;;;;;;;x
VNZ;Venezuela;Venezuela;Venezuela;;;;;;;;;;;x
VOC;Verenigde Oost-Indische Compagnie;;;;;;;;;;;;;x
VOJ;Vojvodina;;;;;;;;;;;;;x
VTU;Vanuatu;;;;;;;;;;;;;x
WAD;Wadai;;;;;;;;;;;;;x
WAL;Wallachia;Valachie;Walachei;;;;;;;;;;;x
WAN;Wanga;;;;;;;;;;;;;x
WEI;Saxe-Weimar-Eisenach;;;;;;;;;;;;;x
WES;Westfalen;;;;;;;;;;;;;x
WHA;Wales;;;;;;;;;;;;;x
WIA;Wiang Chhan;Wiang Chan;Wiang Chhan;;;;;;;;;;;x
WIN;West Indies Federation;;;;;;;;;;;;;x
WLD;Waldeck-Pyrmont;;;;;;;;;;;;;x
WLL;Wallonia;Wallonie;Wallonien;;;;;;;;;;;x
WOL;Wolof;Djolof;Jolof;;;;;;;;;;;x
WRI;Warri;Warri;Warri;;;;;;;;;;;x
WRL;Warsangali;;;;;;;;;;;;;x
WSF;Zapadoslavia;;;;;;;;;;;;;x
WUR;Württemberg;Wurtemberg;Württemberg;;;;;;;;;;;x
XBI;Xibei San Ma;Xibei San Ma;Xibei San Ma;;;;;;;;;;;x
XHO;Xhosa;Xhosa;Xhosa;;;;;;;;;;;x
XIN;Xinjiang;Clique de Xinjiang;Xinjiang-Clique;;;;;;;;;;;x
YAK;Yakutia;;;;;;;;;;;;;x
YEM;Yemen;Yémen;Jemen;;;;;;;;;;;x
YNN;Yunnan;Clique de Yunnan;Yunnan-Clique;;;;;;;;;;;x
YUC;Yucatan;;;;;;;;;;;;;x
YUG;Yugoslavia;Yougoslavie;Jugoslawien;;;;;;;;;;;x
YZW;Yonezawa;;;;;;;;;;;;;x
ZAC;Zacatecas;;;;;;;;;;;;;x
ZAM;Zambia;;;;;;;;;;;;;x
ZAN;Zanzibar;Zanzibar;Sansibar;;;;;;;;;;;x
ZBW;Zimbabwe;;;;;;;;;;;;;x
ZFN;Za’faranlu;;;;;;;;;;;;;x
ZOU;Zoutpansberg;;;;;;;;;;;;;x
ZUL;Zulu;Zoulou;Zulu;;;;;;;;;;;x
